"TechTemplateName","Status","AccumulatedResearch","IsSelector","Source"
"AdAstra","GlobalFinished",,"False","Global"
"AdministrationAlgorithms","GlobalFinished",,"False","Global"
"AdvancedAtomicManipulation","GlobalFinished",,"False","Global"
"AdvancedCarbonManipulation","GlobalFinished",,"False","Global"
"AdvancedChemicalRocketry","GlobalFinished",,"False","Global"
"AdvancedFissionSystems","GlobalFinished",,"False","Global"
"AdvancedHeatManagementConcepts","GlobalFinished",,"False","Global"
"AdvancedHydrogenContainment","GlobalFinished",,"False","Global"
"AdvancedMagnetics","GlobalFinished",,"False","Global"
"AdvancedMissileWarfareDoctrine","GlobalFinished",,"False","Global"
"AdvancedNeuralNetworks","GlobalFinished",,"False","Global"
"AdvancedSuperconductors","GlobalFinished",,"False","Global"
"AntimatterContainment","GlobalFinished",,"False","Global"
"AppliedArtificialIntelligence","GlobalFinished",,"False","Global"
"ArcLasers","GlobalFinished",,"False","Global"
"ArrivalCulture","GlobalFinished",,"False","Global"
"ArrivalDomesticPolitics","GlobalFinished",,"False","Global"
"ArrivalEconomics","GlobalFinished",,"False","Global"
"ArrivalGovernance","GlobalFinished",,"False","Global"
"ArrivalInternationalDevelopment","GlobalFinished",,"False","Global"
"ArrivalInternationalRelations","GlobalFinished",,"False","Global"
"ArrivalLaw","GlobalFinished",,"False","Global"
"ArrivalMassCommunications","GlobalFinished",,"False","Global"
"ArrivalPsychology","GlobalFinished",,"False","Global"
"ArrivalSecurity","GlobalFinished",,"False","Global"
"ArrivalSociology","GlobalFinished",,"False","Global"
"AugmentedReality","GlobalFinished",,"False","Global"
"Biotechnology","GlobalFinished",,"False","Global"
"CarbonNanotubes","GlobalFinished",,"False","Global"
"Coilguns","GlobalFinished",,"False","Global"
"ColonyHabs","GlobalFinished",,"False","Global"
"Cybernetics","GlobalFinished",,"False","Global"
"DeepSpacePropulsionConcepts","GlobalFinished",,"False","Global"
"DeepSystemSkywatch","GlobalFinished",,"False","Global"
"DesignerLifeforms","GlobalFinished",,"False","Global"
"DeuteriumDeuteriumFusion","GlobalInProgress","5540.862","False","Global"
"DeuteriumTritiumFusion","GlobalFinished",,"False","Global"
"Diamondoids","GlobalFinished",,"False","Global"
"DirectedEnergyWarfareDoctrine","GlobalFinished",,"False","Global"
"DirectedSpaceResearch","GlobalFinished",,"False","Global"
"ElectromagneticPropulsion","GlobalFinished",,"False","Global"
"ElectrostaticPlasmaConfinement","GlobalFinished",,"False","Global"
"ElectrostaticPropulsion","GlobalFinished",,"False","Global"
"ElectrothermalPropulsion","GlobalFinished",,"False","Global"
"ExtendedSpaceSurvival","GlobalFinished",,"False","Global"
"FallofEmpires","GlobalFinished",,"False","Global"
"FissionPulseDrives","GlobalFinished",,"False","Global"
"FleetLogistics","GlobalFinished",,"False","Global"
"GasCoreFissionSystems","GlobalFinished",,"False","Global"
"GreatNations","GlobalFinished",,"False","Global"
"HighEnergyElectromagneticPropulsion","GlobalFinished",,"False","Global"
"HighEnergyLasers","GlobalFinished",,"False","Global"
"HighTemperatureSuperconductors","GlobalFinished",,"False","Global"
"ImprovedShipbuildingTechniques","GlobalFinished",,"False","Global"
"IndependenceMovements","GlobalFinished",,"False","Global"
"IndustrializationofSpace","GlobalFinished",,"False","Global"
"InertialPlasmaConfinementTechniques","GlobalInProgress","983.0854","False","Global"
"InfraredCombatLasers","GlobalFinished",,"False","Global"
"InSituResourceUtilization","GlobalFinished",,"False","Global"
"IntegratedEarthSpaceEconomy","GlobalFinished",,"False","Global"
"KineticsWarfareDoctrine","GlobalFinished",,"False","Global"
"MagneticForceManipulation","GlobalFinished",,"False","Global"
"MagneticNozzles","GlobalFinished",,"False","Global"
"MagneticPlasmaConfinementTechniques","GlobalFinished",,"False","Global"
"MassDrivers","GlobalFinished",,"False","Global"
"MilitarizationofSpace","GlobalFinished",,"False","Global"
"MindandMachine","GlobalFinished",,"False","Global"
"MissileWarfareDoctrine","GlobalFinished",,"False","Global"
"MissiontoJupiter","GlobalFinished",,"False","Global"
"MissiontoMars","GlobalFinished",,"False","Global"
"MissiontoSaturn","GlobalFinished",,"False","Global"
"MissionToSpace","GlobalFinished",,"False","Global"
"MissiontotheAsteroids","GlobalFinished",,"False","Global"
"MissiontotheInnerPlanets","GlobalFinished",,"False","Global"
"MissiontotheMoon","GlobalFinished",,"False","Global"
"MissiontoVenus","GlobalFinished",,"False","Global"
"MolecularAssemblers","GlobalFinished",,"False","Global"
"MoltenCoreFissionSystems","GlobalFinished",,"False","Global"
"NetworkedGlobalDefense","GlobalFinished",,"False","Global"
"NetworkedPropaganda","GlobalFinished",,"False","Global"
"Neutronics","GlobalFinished",,"False","Global"
"NextGenerationAerospace","GlobalFinished",,"False","Global"
"NuclearFissioninSpace","GlobalFinished",,"False","Global"
"NuclearFusioninSpace","GlobalFinished",,"False","Global"
"OrbitalFighters","GlobalFinished",,"False","Global"
"OrbitalRingHabs","GlobalFinished",,"False","Global"
"OrbitalShipbuilding","GlobalFinished",,"False","Global"
"OrbitalTorusHabs","GlobalFinished",,"False","Global"
"OurSpaceFuture","GlobalFinished",,"False","Global"
"OutpostHabs","GlobalFinished",,"False","Global"
"ParticleCannon","GlobalFinished",,"False","Global"
"PhasedArrayLasers","GlobalFinished",,"False","Global"
"PhotonicComputing","GlobalFinished",,"False","Global"
"PlasmaWeapons","GlobalInProgress","9178.854","False","Global"
"PredictiveGenetics","GlobalFinished",,"False","Global"
"PrinciplesofSpaceWarfare","GlobalFinished",,"False","Global"
"Project_240cmGreenArcLaserCannon","FactionFinished",,"False","FactionProject"
"Project_240cmIRLaserCannon","FactionFinished",,"False","FactionProject"
"Project_40mmAutocannon","FactionFinished",,"False","FactionProject"
"Project_60cmGreenArcLaserBattery","FactionFinished",,"False","FactionProject"
"Project_60cmIRLaserBattery","FactionFinished",,"False","FactionProject"
"Project_AdvancedInterplanetaryRockets","FactionFinished",,"False","FactionProject"
"Project_AdvancedMarineAssaultUnit","FactionFinished",,"False","FactionProject"
"Project_AlienContainment","FactionFinished",,"False","FactionProject"
"Project_ClandestineCells","FactionFinished",,"False","FactionProject"
"Project_CompositeArmor","FactionFinished",,"False","FactionProject"
"Project_ConstructionModule","FactionFinished",,"False","FactionProject"
"Project_CopperheadMissileBay","FactionFinished",,"False","FactionProject"
"Project_CorridorDiplomacy","FactionFinished",,"False","FactionProject"
"Project_CovertOperations","FactionFinished",,"False","FactionProject"
"Project_CryogenicLiquid-FuelRockets","FactionFinished",,"False","FactionProject"
"Project_DestroyVictory","FactionFinished",,"False","FactionProject"
"Project_Dumbo","FactionFinished",,"False","FactionProject"
"Project_ECM1","FactionFinished",,"False","FactionProject"
"Project_ECM2","FactionFinished",,"False","FactionProject"
"Project_EliteMarineAssaultUnit","FactionFinished",,"False","FactionProject"
"Project_Farm","FactionFinished",,"False","FactionProject"
"Project_FissionOutpostKit","FactionFinished",,"False","FactionProject"
"Project_FissionPile","FactionFinished",,"False","FactionProject"
"Project_FissionReactorArray","FactionFinished",,"False","FactionProject"
"Project_GasCoreFissionReactorI","FactionFinished",,"False","FactionProject"
"Project_GasCoreFissionReactorII","FactionFinished",,"False","FactionProject"
"Project_GasCoreFissionReactorIII","FactionFinished",,"False","FactionProject"
"Project_GasCoreFissionReactorIV","FactionFinished",,"False","FactionProject"
"Project_GlobalCommandStructure","FactionFinished",,"False","FactionProject"
"Project_GrapheneBattery","FactionFinished",,"False","FactionProject"
"Project_HeavyFissionPile","FactionFinished",,"False","FactionProject"
"Project_HeavyFissionReactorArray","FactionFinished",,"False","FactionProject"
"Project_HydraBiology","FactionFinished",,"False","FactionProject"
"Project_HydroponicsBay","FactionFinished",,"False","FactionProject"
"Project_ImprovedInterplanetaryRockets","FactionFinished",,"False","FactionProject"
"Project_LarsDrive","FactionFinished",,"False","FactionProject"
"Project_LayeredDefenseArray","FactionFinished",,"False","FactionProject"
"Project_LifeScienceLab","FactionFinished",,"False","FactionProject"
"Project_Liquid-FuelRockets","FactionFinished",,"False","FactionProject"
"Project_LiquidHydrogenContainment","FactionFinished",,"False","FactionProject"
"Project_Magazine","FactionFinished",,"False","FactionProject"
"Project_MarineAssaultUnit","FactionFinished",,"False","FactionProject"
"Project_MarineCompanyBarracks","FactionFinished",,"False","FactionProject"
"Project_MarinePlatoonBarracks","FactionFinished",,"False","FactionProject"
"Project_MaterialsLab","FactionFinished",,"False","FactionProject"
"Project_MaximumEffort","FactionFinished",,"False","FactionProject"
"Project_MilitaryScienceLab","FactionFinished",,"False","FactionProject"
"Project_MoltenCoreFissionReactorI","FactionFinished",,"False","FactionProject"
"Project_Nanofactory","FactionFinished",,"False","FactionProject"
"Project_NanotubeFilamentRadiator","FactionFinished",,"False","FactionProject"
"Project_NervaDrive","FactionFinished",,"False","FactionProject"
"Project_NuclearFreighters","FactionFinished",,"False","FactionProject"
"Project_OperationsCenter","FactionFinished",,"False","FactionProject"
"Project_OrbitalCore","FactionFinished",,"False","FactionProject"
"Project_OutpostCore","FactionFinished",,"False","FactionProject"
"Project_OutpostMiningComplex","FactionFinished",,"False","FactionProject"
"Project_Pherocytes","FactionFinished",,"False","FactionProject"
"Project_PlatformCore","FactionFinished",,"False","FactionProject"
"Project_PointDefenseArcLaserTurret","FactionFinished",,"False","FactionProject"
"Project_PointDefenseArray","FactionFinished",,"False","FactionProject"
"Project_PointDefenseLaserTurret","FactionFinished",,"False","FactionProject"
"Project_RailCannonMk1","FactionFinished",,"False","FactionProject"
"Project_RailCannonMk2","FactionFinished",,"False","FactionProject"
"Project_RailCannonMk3","FactionFinished",,"False","FactionProject"
"Project_RailgunBatteryMk1","FactionFinished",,"False","FactionProject"
"Project_RailgunBatteryMk2","FactionFinished",,"False","FactionProject"
"Project_RailgunBatteryMk3","FactionFinished",,"False","FactionProject"
"Project_ResearchCampus","FactionFinished",,"False","FactionProject"
"Project_SettlementCore","FactionFinished",,"False","FactionProject"
"Project_SettlementMiningComplex","FactionFinished",,"False","FactionProject"
"Project_Shipyard","FactionFinished",,"False","FactionProject"
"Project_SkunkWorks","FactionFinished",,"False","FactionProject"
"Project_SlushHydrogenTankage","FactionFinished",,"False","FactionProject"
"Project_SolarArray","FactionFinished",,"False","FactionProject"
"Project_SolarCollector","FactionFinished",,"False","FactionProject"
"Project_SolidCoreFissionReactorI","FactionFinished",,"False","FactionProject"
"Project_SolidCoreFissionReactorII","FactionFinished",,"False","FactionProject"
"Project_SolidCoreFissionReactorIII","FactionFinished",,"False","FactionProject"
"Project_SolidCoreFissionReactorIV","FactionFinished",,"False","FactionProject"
"Project_SolidCoreFissionReactorV","FactionFinished",,"False","FactionProject"
"Project_Solid-FuelSpaceRockets","FactionFinished",,"False","FactionProject"
"Project_SpaceDock","FactionFinished",,"False","FactionProject"
"Project_SpaceScienceLab","FactionFinished",,"False","FactionProject"
"Project_SpaceTugs","FactionFinished",,"False","FactionProject"
"Project_TargetingComputer1","FactionFinished",,"False","FactionProject"
"Project_TheirMethods","FactionFinished",,"False","FactionProject"
"Project_TheirMovements","FactionFinished",,"False","FactionProject"
"Project_TheirOperations","FactionFinished",,"False","FactionProject"
"Project_TheirOrigin","FactionFinished",,"False","FactionProject"
"Project_TheirSignatures","FactionFinished",,"False","FactionProject"
"Project_TheirTechnology","FactionFinished",,"False","FactionProject"
"Project_TransnationalCoordination","FactionFinished",,"False","FactionProject"
"Project_Warships","FactionFinished",,"False","FactionProject"
"Project_XenologyLab","FactionFinished",,"False","FactionProject"
"Project_XenoscienceResearchCenter","FactionFinished",,"False","FactionProject"
"QuantumComputing","GlobalFinished",,"False","Global"
"QuantumEncryption","GlobalFinished",,"False","Global"
"Railguns","GlobalFinished",,"False","Global"
"SelfRepairingSoftware","GlobalFinished",,"False","Global"
"SettlementHabs","GlobalFinished",,"False","Global"
"Skywatch","GlobalFinished",,"False","Global"
"SolidCoreFissionSystems","GlobalFinished",,"False","Global"
"SpaceAgriculture","GlobalFinished",,"False","Global"
"SpaceAssaultDoctrine","GlobalFinished",,"False","Global"
"SpaceCommerce","GlobalFinished",,"False","Global"
"SpaceMedicine","GlobalFinished",,"False","Global"
"SpaceMiningandRefining","GlobalFinished",,"False","Global"
"SpaceNavies","GlobalFinished",,"False","Global"
"SpaceResearch","GlobalFinished",,"False","Global"
"SpaceTourism","GlobalFinished",,"False","Global"
"Superalloys","GlobalFinished",,"False","Global"
"Supercapacitors","GlobalFinished",,"False","Global"
"SuperconductingMagnets","GlobalFinished",,"False","Global"
"TerrestrialMilitaryScience","GlobalFinished",,"False","Global"
"Tokamaks","GlobalFinished",,"False","Global"
"TransformPhages","GlobalFinished",,"False","Global"
"TransInterfaceWarfare","GlobalFinished",,"False","Global"
"Ultracapacitors","GlobalFinished",,"False","Global"
"UltravioletCombatLasers","GlobalFinished",,"False","Global"
"UnityMovements","GlobalFinished",,"False","Global"
"VacuumElectrostaticPrinciples","GlobalFinished",,"False","Global"
"VisibleCombatLasers","GlobalFinished",,"False","Global"
"WeAreNotAlone","GlobalFinished",,"False","Global"
"WhiteCollarAutomation","GlobalFinished",,"False","Global"
"ZPinchTechniques","GlobalFinished",,"False","Global"
