"NationID","NationName","RegionCount","GDP","Population","MilTech","Democracy","Cohesion","Unrest","Knowledge","Inequality","ClimatePolicy","BoostHistoryLatest","BoostPerCP","CP_ID"
"3548","New Zealand",,"445842327391.326",,,"9.974324","7.90267","0.0",,"1.00164",,"4.682989","2.3414945","3549"
"3548","New Zealand",,"445842327391.326",,,"9.974324","7.90267","0.0",,"1.00164",,"4.682989","2.3414945","3550"
"3744","Türkiye",,"4669480518806.65",,,"7.97024","4.657697","0.5727752",,"3.992539",,"4.468343","1.11708575","3746"
"3379","Georgia",,"144801904022.763",,,"7.029126","7.049582","0.0",,"2.193536",,"1.164198","0.582099","3380"
"3381","Germany",,"5814567482867.33",,,"8.99291","2.618511","1.154004",,"1.989698",,"5.975004","1.493751","3385"
"3638","Russia",,"3871449649385.64",,,"2.339846","5.412551","0.3306579",,"3.738943",,"2.991228","0.747807","3641"
"3638","Russia",,"3871449649385.64",,,"2.339846","5.412551","0.3306579",,"3.738943",,"2.991228","0.747807","3642"
"3424","India",,"10583199970823.4",,,"5.990814","0.5210963","2.194695",,"4.184272",,"3.896667","0.7793334","3427"
"3575","Pakistan",,"1808611877950.65",,,"4.842604","4.540624","4.661354",,"2.72076",,"1.908332","0.6361106666666666666666666667","3577"
"3575","Pakistan",,"1808611877950.65",,,"4.842604","4.540624","4.661354",,"2.72076",,"1.908332","0.6361106666666666666666666667","3578"
"3572","Oman",,"299202321634.479",,,"2.823157","9.299997","0.0",,"2.814844",,"4.183326","2.091663","3573"
"3575","Pakistan",,"1808611877950.65",,,"4.842604","4.540624","4.661354",,"2.72076",,"1.908332","0.6361106666666666666666666667","3576"
"3572","Oman",,"299202321634.479",,,"2.823157","9.299997","0.0",,"2.814844",,"4.183326","2.091663","3574"
"3351","Ecuador",,"237948372718.423",,,"5.995509","0.4555048","7.602666",,"2.991588",,"0.4416667","0.22083335","3353"
"3809","Sierra Leone",,"26241324523.7329",,,"5.726295","3.757412","4.594136",,"3.177331",,"0.4650002","0.4650002","3810"
"3687","South Sudan",,"83337506453.1059",,,"0.2523207","10.0","7.666019E-05",,"3.494388",,"0.2850001","0.14250005","3688"
"3326","Congo",,"212998252310.128",,,"0.7678227","7.365252","2.636036",,"4.861991",,"0.7043125","0.35215625","3327"
"3379","Georgia",,"144801904022.763",,,"7.029126","7.049582","0.0",,"2.193536",,"1.164198","0.582099","39290"
"3255","Belgium-Luxembourg",,"1079991335882.67",,,"8.671206","9.332957","0.0",,"1.307458",,"4.775012","1.5916706666666666666666666667","3258"
"3424","India",,"10583199970823.4",,,"5.990814","0.5210963","2.194695",,"4.184272",,"3.896667","0.7793334","3426"
"3351","Ecuador",,"237948372718.423",,,"5.995509","0.4555048","7.602666",,"2.991588",,"0.4416667","0.22083335","3352"
"3381","Germany",,"5814567482867.33",,,"8.99291","2.618511","1.154004",,"1.989698",,"5.975004","1.493751","3383"
"3381","Germany",,"5814567482867.33",,,"8.99291","2.618511","1.154004",,"1.989698",,"5.975004","1.493751","3382"
"3604","Polynesian States",,"4982956293.3291",,,"7.008979","8.465597","0.7020051",,"2.197104",,"0.765","0.765","3605"
"3329","Costa Rica",,"180564055346.873",,,"7.004602","7.959893","0.0",,"2.837664",,"2.985003","1.4925015","3330"
"3329","Costa Rica",,"180564055346.873",,,"7.004602","7.959893","0.0",,"2.837664",,"2.985003","1.4925015","3331"
"3591","Peru",,"460051966116.449",,,"5.673736","4.095246","4.436055",,"3.261847",,"1.608333","0.8041665","3592"
"3591","Peru",,"460051966116.449",,,"5.673736","4.095246","4.436055",,"3.261847",,"1.608333","0.8041665","3593"
"3389","Greece",,"629781337799.115",,,"9.005535","7.391756","0.0",,"2.246212",,"3.626663","1.2088876666666666666666666667","3390"
"3326","Congo",,"212998252310.128",,,"0.7678227","7.365252","2.636036",,"4.861991",,"0.7043125","0.35215625","3328"
"3633","Romania",,"962600265187.023",,,"9.000463","6.205892","0.0",,"2.871415",,"2.831662","0.9438873333333333333333333333","7459"
"3494","Lebanon",,"111090901922.749",,,"7.002296","9.21603","0.0",,"2.537483",,"0.3333333","0.16666665","51910"
"3494","Lebanon",,"111090901922.749",,,"7.002296","9.21603","0.0",,"2.537483",,"0.3333333","0.16666665","3495"
"3312","Chile",,"457929693231.305",,,"6.385105","7.127341","0.98834",,"3.75619",,"0.3733333","0.18666665","3314"
"3358","El Salvador",,"51490790535.8173",,,"6.449614","9.335263","0.0734043",,"3.102657",,"0.3483333","0.3483333","3359"
"3712","Switzerland",,"988616677540.649",,,"8.78398","9.337389","0.0",,"1.577382",,"5.838346","1.9461153333333333333333333333","3714"
"3633","Romania",,"962600265187.023",,,"9.000463","6.205892","0.0",,"2.871415",,"2.831662","0.9438873333333333333333333333","3635"
"3668","Singapore",,"799834768333.555",,,"7.134636","9.959881","0.0",,"2.090004",,"13.77498","4.59166","14611"
"3437","Iran",,"1982239868293.54",,,"2.092748","7.630497","0.0",,"4.36694",,"2.176668","0.725556","3438"
"3565","Norway",,"709536140891.179",,,"9.551811","6.981955","0.0",,"2.676872",,"0.6749999","0.2249999666666666666666666667","3566"
"3417","Hungary",,"521195037892.659",,,"9.011633","7.18024","0.0",,"2.245574",,"4.446523","2.2232615","3418"
"3339","Czech Republic",,"810484571061.152",,,"9.015921","9.000874","0.0",,"1.50925",,"3.725007","1.241669","3340"
"3693","Spain",,"3042146377394.93",,,"10.0","8.150636","0.0",,"2.076892",,"11.13831","2.7845775","3695"
"3517","Melanesian States",,"20160692598.2879",,,"6.102846","9.377006","0.2074102",,"2.558059",,"2.76333","2.76333","3518"
"3381","Germany",,"5814567482867.33",,,"8.99291","2.618511","1.154004",,"1.989698",,"5.975004","1.493751","3384"
"3668","Singapore",,"799834768333.555",,,"7.134636","9.959881","0.0",,"2.090004",,"13.77498","4.59166","3669"
"3450","Italy",,"3509340044023.74",,,"9.503275","4.434126","0.0",,"2.589775",,"7.30167","1.8254175","3451"
"3450","Italy",,"3509340044023.74",,,"9.503275","4.434126","0.0",,"2.589775",,"7.30167","1.8254175","3454"
"3450","Italy",,"3509340044023.74",,,"9.503275","4.434126","0.0",,"2.589775",,"7.30167","1.8254175","3453"
"3312","Chile",,"457929693231.305",,,"6.385105","7.127341","0.98834",,"3.75619",,"0.3733333","0.18666665","3313"
"3638","Russia",,"3871449649385.64",,,"2.339846","5.412551","0.3306579",,"3.738943",,"2.991228","0.747807","3640"
"3671","Slovakia",,"277167289824.745",,,"9.020844","9.299997","0.0",,"1.51396",,"4.575011","2.2875055","3672"
"3280","Burkina Faso",,"62880589877.7838",,,"1.884317","4.370133","3.712726",,"4.463827",,"0.4883334","0.4883334","3281"
"3519","Mexico",,"2790860237934.22",,,"7.011342","5.003731","2.508811",,"3.8934",,"6.35499","1.5887475","3522"
"3519","Mexico",,"2790860237934.22",,,"7.011342","5.003731","2.508811",,"3.8934",,"6.35499","1.5887475","42823"
"3709","Sweden",,"696667053341.568",,,"4.959525","9.077415","0.0",,"1.513518",,"0.4404662","0.1468220666666666666666666667","3710"
"3709","Sweden",,"696667053341.568",,,"4.959525","9.077415","0.0",,"1.513518",,"0.4404662","0.1468220666666666666666666667","3711"
"3444","Ireland",,"651462363392.039",,,"8.479605","10.0","0.0",,"2.072146",,"0.2933333","0.0977777666666666666666666667","20967"
"3638","Russia",,"3871449649385.64",,,"2.339846","5.412551","0.3306579",,"3.738943",,"2.991228","0.747807","3639"
"3687","South Sudan",,"83337506453.1059",,,"0.2523207","10.0","7.666019E-05",,"3.494388",,"0.2850001","0.14250005","98546"
"3611","Ratnakaran States",,"12601479754.5916",,,"3.994786","2.921037","4.836615",,"2.902134",,"1.12237","1.12237","3612"
"3537","Myanmar",,"466208421762.357",,,"1.078714","9.981895","0.0",,"3.183896",,"1.588212","0.794106","3538"
"3286","Cambodia",,"230717795385.687",,,"2.542281","10.0","0.0",,"3.540746",,"3.283586","1.641793","15785"
"3709","Sweden",,"696667053341.568",,,"4.959525","9.077415","0.0",,"1.513518",,"0.4404662","0.1468220666666666666666666667","11922"
"3584","Papua New Guinea",,"64836652785.0835",,,"6.95015","8.570494","0.0",,"3.664231",,"1.749998","1.749998","3585"
