"Category","FriendlyName","DataName","RequiredProject","Stats","Cost"
"Armor","Steel Armor","SteelArmor",,"HeatResist: Density:",""
"Armor","Titanium Armor","TitaniumArmor",,"HeatResist: Density:",""
"Armor","Silicon Carbide Armor","SiliconCarbideArmor",,"HeatResist: Density:",""
"Armor","Boron Carbide Armor","BoronCarbideArmor",,"HeatResist: Density:",""
"Armor","Composite Armor","CompositeArmor","Project_CompositeArmor","HeatResist: Density:",""
"Armor","Foamed Metal Armor","FoamedMetalArmor","Project_FoamedMetalArmor","HeatResist: Density:",""
"Armor","Nanotube Armor","NanotubeArmor","Project_NanotubeArmor","HeatResist: Density:",""
"Armor","Adamantane Armor","AdamantaneArmor","Project_AdamantaneArmor","HeatResist: Density:",""
"Radiator","Aluminum Fin","AluminumFin",,"MassPerGW:2.5 WasteHeatCap_MW:",""
"Radiator","Titanium Array","TitaniumArray","Project_Warships","MassPerGW:5.5 WasteHeatCap_MW:",""
"Radiator","Molybdenum Pipe","MolybdenumPipe","Project_MolybdenumPipeRadiator","MassPerGW:4.5 WasteHeatCap_MW:",""
"Radiator","Nanotube Filament","NanotubeFilament","Project_NanotubeFilamentRadiator","MassPerGW:6.5 WasteHeatCap_MW:",""
"Radiator","Ionic Dust","IonicDust","Project_IonicDustRadiator","MassPerGW:3 WasteHeatCap_MW:",""
"Radiator","Cobalt Dust","CobaltDust","Project_CobaltDustRadiator","MassPerGW:5 WasteHeatCap_MW:",""
"Radiator","Tin Droplet","TinDroplet","Project_TinDropletRadiator","MassPerGW:8 WasteHeatCap_MW:",""
"Weapon_Laser","Point Defense Laser Turret","PointDefenseLaserTurret","Project_PointDefenseLaserTurret","Range:250 Dmg:50 Wavelength:1080",""
"Weapon_Laser","60 cm IR Laser Battery","60cmIRLaserBattery","Project_60cmIRLaserBattery","Range:600 Dmg:100 Wavelength:810",""
"Weapon_Laser","120 cm IR Laser Battery","120cmIRLaserBattery","Project_60cmIRLaserBattery","Range:700 Dmg:150 Wavelength:810",""
"Weapon_Laser","360 cm IR Laser Battery","360cmIRLaserBattery","Project_60cmIRLaserBattery","Range:850 Dmg:250 Wavelength:810",""
"Weapon_Laser","240 cm IR Laser Cannon","240cmIRLaserCannon","Project_240cmIRLaserCannon","Range:800 Dmg:200 Wavelength:810",""
"Weapon_Laser","480 cm IR Laser Cannon","480cmIRLaserCannon","Project_240cmIRLaserCannon","Range:900 Dmg:300 Wavelength:810",""
"Weapon_Laser","720 cm IR Laser Cannon","720cmIRLaserCannon","Project_240cmIRLaserCannon","Range:950 Dmg:350 Wavelength:810",""
"Weapon_Laser","960 cm IR Laser Cannon","960cmIRLaserCannon","Project_240cmIRLaserCannon","Range:1000 Dmg:400 Wavelength:810",""
"Weapon_Laser","Point Defense Arc Laser Turret","PointDefenseArcLaserTurret","Project_PointDefenseArcLaserTurret","Range:300 Dmg:50 Wavelength:1080",""
"Weapon_Laser","60 cm Green Laser Battery","60cmGreenLaserBattery","Project_60cmGreenLaserBattery","Range:600 Dmg:100 Wavelength:540",""
"Weapon_Laser","120 cm Green Laser Battery","120cmGreenLaserBattery","Project_60cmGreenLaserBattery","Range:700 Dmg:150 Wavelength:540",""
"Weapon_Laser","360 cm Green Laser Battery","360cmGreenLaserBattery","Project_60cmGreenLaserBattery","Range:850 Dmg:250 Wavelength:540",""
"Weapon_Laser","240 cm Green Laser Cannon","240cmGreenLaserCannon","Project_240cmGreenLaserCannon","Range:800 Dmg:200 Wavelength:540",""
"Weapon_Laser","480 cm Green Laser Cannon","480cmGreenLaserCannon","Project_240cmGreenLaserCannon","Range:900 Dmg:300 Wavelength:540",""
"Weapon_Laser","720 cm Green Laser Cannon","720cmGreenLaserCannon","Project_240cmGreenLaserCannon","Range:950 Dmg:350 Wavelength:540",""
"Weapon_Laser","960 cm Green Laser Cannon","960cmGreenLaserCannon","Project_240cmGreenLaserCannon","Range:1000 Dmg:400 Wavelength:540",""
"Weapon_Laser","60 cm UV Laser Battery","60cmUVLaserBattery","Project_60cmUVLaserBattery","Range:600 Dmg:100 Wavelength:270",""
"Weapon_Laser","120 cm UV Laser Battery","120cmUVLaserBattery","Project_60cmUVLaserBattery","Range:700 Dmg:150 Wavelength:270",""
"Weapon_Laser","360 cm UV Laser Battery","360cmUVLaserBattery","Project_60cmUVLaserBattery","Range:850 Dmg:250 Wavelength:270",""
"Weapon_Laser","240 cm UV Laser Cannon","240cmUVLaserCannon","Project_240cmUVLaserCannon","Range:800 Dmg:200 Wavelength:270",""
"Weapon_Laser","480 cm UV Laser Cannon","480cmUVLaserCannon","Project_240cmUVLaserCannon","Range:900 Dmg:300 Wavelength:270",""
"Weapon_Laser","720 cm UV Laser Cannon","720cmUVLaserCannon","Project_240cmUVLaserCannon","Range:950 Dmg:350 Wavelength:270",""
"Weapon_Laser","960 cm UV Laser Cannon","960cmUVLaserCannon","Project_240cmUVLaserCannon","Range:1000 Dmg:400 Wavelength:270",""
"Weapon_Laser","60 cm UV Arc Laser Battery","60cmUVArcLaserBattery","Project_60cmUVArcLaserBattery","Range:600 Dmg:100 Wavelength:270",""
"Weapon_Laser","120 cm UV Arc Laser Battery","120cmUVArcLaserBattery","Project_60cmUVArcLaserBattery","Range:700 Dmg:150 Wavelength:270",""
"Weapon_Laser","360 cm UV Arc Laser Battery","360cmUVArcLaserBattery","Project_60cmUVArcLaserBattery","Range:850 Dmg:250 Wavelength:270",""
"Weapon_Laser","240 cm UV Arc Laser Cannon","240cmUVArcLaserCannon","Project_240cmUVArcLaserCannon","Range:800 Dmg:200 Wavelength:270",""
"Weapon_Laser","480 cm UV Arc Laser Cannon","480cmUVArcLaserCannon","Project_240cmUVArcLaserCannon","Range:900 Dmg:300 Wavelength:270",""
"Weapon_Laser","720 cm UV Arc Laser Cannon","720cmUVArcLaserCannon","Project_240cmUVArcLaserCannon","Range:950 Dmg:350 Wavelength:270",""
"Weapon_Laser","960 cm UV Arc Laser Cannon","960cmUVArcLaserCannon","Project_240cmUVArcLaserCannon","Range:1000 Dmg:400 Wavelength:270",""
"Weapon_Laser","Region Defense IR Laser","RegionDefenseIRLaser",,"Range:2000 Dmg:1000 Wavelength:810",""
"Weapon_Laser","Region Defense Green Laser","RegionDefenseGreenLaser",,"Range:2000 Dmg:1000 Wavelength:540",""
"Weapon_Laser","Region Defense IR Arc Laser","RegionDefenseIRArcLaser",,"Range:2000 Dmg:1000 Wavelength:810",""
"Weapon_Laser","Region Defense Green Arc Laser","RegionDefenseGreenArcLaser",,"Range:2000 Dmg:1000 Wavelength:540",""
"Weapon_Laser","Region Defense IR Phaser","RegionDefenseIRPhaser",,"Range:2000 Dmg:1000 Wavelength:810",""
"Weapon_Laser","Region Defense Green Phaser","RegionDefenseGreenPhaser",,"Range:2000 Dmg:1000 Wavelength:540",""
"Weapon_Laser","T1 Base IR Laser","T1BaseIRLaser",,"Range:2000 Dmg:500 Wavelength:810",""
"Weapon_Laser","T1 Base Green Laser","T1BaseGreenLaser",,"Range:2000 Dmg:500 Wavelength:540",""
"Weapon_Laser","T1 Base UV Laser","T1BaseUVLaser",,"Range:2000 Dmg:500 Wavelength:270",""
"Weapon_Laser","T1 Base IR Arc Laser","T1BaseIRArcLaser",,"Range:2000 Dmg:500 Wavelength:810",""
"Weapon_Laser","T1 Base Green Arc Laser","T1BaseGreenArcLaser",,"Range:2000 Dmg:500 Wavelength:540",""
"Weapon_Laser","T1 Base UV Arc Laser","T1BaseUVArcLaser",,"Range:2000 Dmg:500 Wavelength:270",""
"Weapon_Laser","T1 Base IR Phaser","T1BaseIRPhaser",,"Range:2000 Dmg:500 Wavelength:810",""
"Weapon_Laser","T1 Base Green Phaser","T1BaseGreenPhaser",,"Range:2000 Dmg:500 Wavelength:540",""
"Weapon_Laser","T1 Base UV Phaser","T1BaseUVPhaser",,"Range:2000 Dmg:500 Wavelength:270",""
"Weapon_Laser","T2 Base IR Laser","T2BaseIRLaser",,"Range:2000 Dmg:650 Wavelength:810",""
"Weapon_Laser","T2 Base Green Laser","T2BaseGreenLaser",,"Range:2000 Dmg:650 Wavelength:540",""
"Weapon_Laser","T2 Base UV Laser","T2BaseUVLaser",,"Range:2000 Dmg:650 Wavelength:270",""
"Weapon_Laser","T2 Base IR Arc Laser","T2BaseIRArcLaser",,"Range:2000 Dmg:650 Wavelength:810",""
"Weapon_Laser","T2 Base Green Arc Laser","T2BaseGreenArcLaser",,"Range:2000 Dmg:650 Wavelength:540",""
"Weapon_Laser","T2 Base UV Arc Laser","T2BaseUVArcLaser",,"Range:2000 Dmg:650 Wavelength:270",""
"Weapon_Laser","T2 Base IR Phaser","T2BaseIRPhaser",,"Range:2000 Dmg:650 Wavelength:810",""
"Weapon_Laser","T2 Base Green Phaser","T2BaseGreenPhaser",,"Range:2000 Dmg:650 Wavelength:540",""
"Weapon_Laser","T2 Base UV Phaser","T2BaseUVPhaser",,"Range:2000 Dmg:650 Wavelength:270",""
"Weapon_Laser","T3 Base IR Laser","T3BaseIRLaser",,"Range:2000 Dmg:800 Wavelength:810",""
"Weapon_Laser","T3 Base Green Laser","T3BaseGreenLaser",,"Range:2000 Dmg:800 Wavelength:540",""
"Weapon_Laser","T3 Base UV Laser","T3BaseUVLaser",,"Range:2000 Dmg:800 Wavelength:270",""
"Weapon_Laser","T3 Base IR Arc Laser","T3BaseIRArcLaser",,"Range:2000 Dmg:800 Wavelength:810",""
"Weapon_Laser","T3 Base Green Arc Laser","T3BaseGreenArcLaser",,"Range:2000 Dmg:800 Wavelength:540",""
"Weapon_Laser","T3 Base UV Arc Laser","T3BaseUVArcLaser",,"Range:2000 Dmg:800 Wavelength:270",""
"Weapon_Laser","T3 Base IR Phaser","T3BaseIRPhaser",,"Range:2000 Dmg:800 Wavelength:810",""
"Weapon_Laser","T3 Base Green Phaser","T3BaseGreenPhaser",,"Range:2000 Dmg:800 Wavelength:540",""
"Weapon_Laser","T3 Base UV Phaser","T3BaseUVPhaser",,"Range:2000 Dmg:800 Wavelength:270",""
"Battery","Lithium-Ion Battery","Lithium-IonBattery",,"Capacity_GJ:15 Mass_t:30",""
"Battery","Lithium-Sulfur Battery","Lithium-SulfurBattery","Project_Lithium-SulfurBattery","Capacity_GJ:21 Mass_t:35",""
"Battery","Molten Salt Battery","MoltenSaltBattery","Project_MoltenSaltBattery","Capacity_GJ:40 Mass_t:80",""
"Battery","Salt Water Battery","SaltWaterBattery","Project_SaltWaterBattery","Capacity_GJ:20 Mass_t:20",""
"Battery","Graphene Battery","GrapheneBattery","Project_GrapheneBattery","Capacity_GJ:48 Mass_t:120",""
"Battery","Quantum Battery","QuantumBattery","Project_QuantumBattery","Capacity_GJ:80 Mass_t:80",""
"Weapon_Gun","30mm Autocannon","30mmAutocannon","Project_Warships","Range:200 Cooldown:4 Dmg:3.189375",""
"Weapon_Gun","35mm Autocannon","35mmAutocannon",,"Range:200 Cooldown:4 Dmg:11",""
"Weapon_Gun","40mm Autocannon","40mmAutocannon","Project_40mmAutocannon","Range:350 Cooldown:4 Dmg:20.28",""
"Weapon_Gun","6-inch Cannon","6-inchCannon","Project_Warships","Range:250 Cooldown:12 Dmg:22.05",""
"Weapon_Gun","8-inch Cannon","8-inchCannon","Project_PatrolVessels","Range:250 Cooldown:15 Dmg:49",""
"Weapon_Gun","10-inch Cannon","10-inchCannon","Project_Warships","Range:250 Cooldown:16 Dmg:88.2",""
"Weapon_Gun","12-inch Cannon","12-inchCannon","Project_PatrolVessels","Range:250 Cooldown:20 Dmg:156.8",""
"Hull","Gunship","Gunship","Project_Warships","Nose:1 MC: Mass_t:178 Utility: Hull:0",""
"Hull","Escort","Escort","Project_Warships","Nose:0 MC: Mass_t:350 Utility: Hull:2",""
"Hull","Corvette","Corvette","Project_Warships","Nose:1 MC: Mass_t:400 Utility: Hull:1",""
"Hull","Frigate","Frigate","Project_PatrolVessels","Nose:1 MC: Mass_t:600 Utility: Hull:2",""
"Hull","Monitor","Monitor","Project_PatrolVessels","Nose:0 MC: Mass_t:800 Utility: Hull:4",""
"Hull","Destroyer","Destroyer","Project_PatrolVessels","Nose:2 MC: Mass_t:825 Utility: Hull:2",""
"Hull","Cruiser","Cruiser","Project_FleetCombatants","Nose:2 MC: Mass_t:1000 Utility: Hull:3",""
"Hull","Battlecruiser","Battlecruiser","Project_FleetCombatants","Nose:3 MC: Mass_t:1200 Utility: Hull:2",""
"Hull","Battleship","Battleship","Project_FleetCombatants","Nose:2 MC: Mass_t:1600 Utility: Hull:6",""
"Hull","STO Fighter","STOFighter",,"Nose:1 MC: Mass_t:30 Utility: Hull:1",""
"Drive","Apex Solid Rocket x1","ApexSolidRocketx1","Project_Solid-FuelSpaceRockets","ThrustCap:1 DriveClass:Chemical Efficiency:1 Thrust_N:14820000 ReqPowerPlant:Any_General Propellant:ReactionProducts EV_kps:2.6 Mass_t:66",""
"Drive","Apex Solid Rocket x2","ApexSolidRocketx2","Project_Solid-FuelSpaceRockets","ThrustCap:1 DriveClass:Chemical Efficiency:1 Thrust_N:29640000 ReqPowerPlant:Any_General Propellant:ReactionProducts EV_kps:2.6 Mass_t:132",""
"Drive","Apex Solid Rocket x3","ApexSolidRocketx3","Project_Solid-FuelSpaceRockets","ThrustCap:1 DriveClass:Chemical Efficiency:1 Thrust_N:44460000 ReqPowerPlant:Any_General Propellant:ReactionProducts EV_kps:2.6 Mass_t:198",""
"Drive","Apex Solid Rocket x4","ApexSolidRocketx4","Project_Solid-FuelSpaceRockets","ThrustCap:1 DriveClass:Chemical Efficiency:1 Thrust_N:59280000 ReqPowerPlant:Any_General Propellant:ReactionProducts EV_kps:2.6 Mass_t:264",""
"Drive","Apex Solid Rocket x5","ApexSolidRocketx5","Project_Solid-FuelSpaceRockets","ThrustCap:1 DriveClass:Chemical Efficiency:1 Thrust_N:74100000 ReqPowerPlant:Any_General Propellant:ReactionProducts EV_kps:2.6 Mass_t:330",""
"Drive","Apex Solid Rocket x6","ApexSolidRocketx6","Project_Solid-FuelSpaceRockets","ThrustCap:1 DriveClass:Chemical Efficiency:1 Thrust_N:88920000 ReqPowerPlant:Any_General Propellant:ReactionProducts EV_kps:2.6 Mass_t:396",""
"Drive","Meteor Liquid Rocket x1","MeteorLiquidRocketx1","Project_Liquid-FuelRockets","ThrustCap:1 DriveClass:Chemical Efficiency:1 Thrust_N:15481000 ReqPowerPlant:Any_General Propellant:ReactionProducts EV_kps:2.98 Mass_t:17",""
"Drive","Meteor Liquid Rocket x2","MeteorLiquidRocketx2","Project_Liquid-FuelRockets","ThrustCap:1 DriveClass:Chemical Efficiency:1 Thrust_N:30962000 ReqPowerPlant:Any_General Propellant:ReactionProducts EV_kps:2.98 Mass_t:34",""
"Drive","Meteor Liquid Rocket x3","MeteorLiquidRocketx3","Project_Liquid-FuelRockets","ThrustCap:1 DriveClass:Chemical Efficiency:1 Thrust_N:46443000 ReqPowerPlant:Any_General Propellant:ReactionProducts EV_kps:2.98 Mass_t:51",""
"Drive","Meteor Liquid Rocket x4","MeteorLiquidRocketx4","Project_Liquid-FuelRockets","ThrustCap:1 DriveClass:Chemical Efficiency:1 Thrust_N:61924000 ReqPowerPlant:Any_General Propellant:ReactionProducts EV_kps:2.98 Mass_t:68",""
"Drive","Meteor Liquid Rocket x5","MeteorLiquidRocketx5","Project_Liquid-FuelRockets","ThrustCap:1 DriveClass:Chemical Efficiency:1 Thrust_N:77405000 ReqPowerPlant:Any_General Propellant:ReactionProducts EV_kps:2.98 Mass_t:85",""
"Drive","Meteor Liquid Rocket x6","MeteorLiquidRocketx6","Project_Liquid-FuelRockets","ThrustCap:1 DriveClass:Chemical Efficiency:1 Thrust_N:92886000 ReqPowerPlant:Any_General Propellant:ReactionProducts EV_kps:2.98 Mass_t:102",""
"Drive","Neutron Liquid Rocket x1","NeutronLiquidRocketx1","Project_Liquid-FuelRockets","ThrustCap:1 DriveClass:Chemical Efficiency:1 Thrust_N:20376000 ReqPowerPlant:Any_General Propellant:ReactionProducts EV_kps:3.1 Mass_t:13",""
"Drive","Neutron Liquid Rocket x2","NeutronLiquidRocketx2","Project_Liquid-FuelRockets","ThrustCap:1 DriveClass:Chemical Efficiency:1 Thrust_N:40752000 ReqPowerPlant:Any_General Propellant:ReactionProducts EV_kps:3.1 Mass_t:26",""
"Drive","Neutron Liquid Rocket x3","NeutronLiquidRocketx3","Project_Liquid-FuelRockets","ThrustCap:1 DriveClass:Chemical Efficiency:1 Thrust_N:61128000 ReqPowerPlant:Any_General Propellant:ReactionProducts EV_kps:3.1 Mass_t:39",""
"Drive","Neutron Liquid Rocket x4","NeutronLiquidRocketx4","Project_Liquid-FuelRockets","ThrustCap:1 DriveClass:Chemical Efficiency:1 Thrust_N:81504000 ReqPowerPlant:Any_General Propellant:ReactionProducts EV_kps:3.1 Mass_t:52",""
"Drive","Neutron Liquid Rocket x5","NeutronLiquidRocketx5","Project_Liquid-FuelRockets","ThrustCap:1 DriveClass:Chemical Efficiency:1 Thrust_N:101880000 ReqPowerPlant:Any_General Propellant:ReactionProducts EV_kps:3.1 Mass_t:65",""
"Drive","Neutron Liquid Rocket x6","NeutronLiquidRocketx6","Project_Liquid-FuelRockets","ThrustCap:1 DriveClass:Chemical Efficiency:1 Thrust_N:122256000 ReqPowerPlant:Any_General Propellant:ReactionProducts EV_kps:3.1 Mass_t:78",""
"Drive","Venture Liquid Rocket x1","VentureLiquidRocketx1","Project_CryogenicLiquid-FuelRockets","ThrustCap:1 DriveClass:Chemical Efficiency:1 Thrust_N:9279600 ReqPowerPlant:Any_General Propellant:ReactionProducts EV_kps:4.44 Mass_t:14",""
"Drive","Venture Liquid Rocket x2","VentureLiquidRocketx2","Project_CryogenicLiquid-FuelRockets","ThrustCap:1 DriveClass:Chemical Efficiency:1 Thrust_N:18559200 ReqPowerPlant:Any_General Propellant:ReactionProducts EV_kps:4.44 Mass_t:28",""
"Drive","Venture Liquid Rocket x3","VentureLiquidRocketx3","Project_CryogenicLiquid-FuelRockets","ThrustCap:1 DriveClass:Chemical Efficiency:1 Thrust_N:27838800 ReqPowerPlant:Any_General Propellant:ReactionProducts EV_kps:4.44 Mass_t:42",""
"Drive","Venture Liquid Rocket x4","VentureLiquidRocketx4","Project_CryogenicLiquid-FuelRockets","ThrustCap:1 DriveClass:Chemical Efficiency:1 Thrust_N:37118400 ReqPowerPlant:Any_General Propellant:ReactionProducts EV_kps:4.44 Mass_t:56",""
"Drive","Venture Liquid Rocket x5","VentureLiquidRocketx5","Project_CryogenicLiquid-FuelRockets","ThrustCap:1 DriveClass:Chemical Efficiency:1 Thrust_N:46398000 ReqPowerPlant:Any_General Propellant:ReactionProducts EV_kps:4.44 Mass_t:70",""
"Drive","Venture Liquid Rocket x6","VentureLiquidRocketx6","Project_CryogenicLiquid-FuelRockets","ThrustCap:1 DriveClass:Chemical Efficiency:1 Thrust_N:55677600 ReqPowerPlant:Any_General Propellant:ReactionProducts EV_kps:4.44 Mass_t:84",""
"Drive","Nova Liquid Rocket x1","NovaLiquidRocketx1","Project_ImprovedInterplanetaryRockets","ThrustCap:1 DriveClass:Chemical Efficiency:1 Thrust_N:7850000 ReqPowerPlant:Any_General Propellant:ReactionProducts EV_kps:5.6 Mass_t:15",""
"Drive","Nova Liquid Rocket x2","NovaLiquidRocketx2","Project_ImprovedInterplanetaryRockets","ThrustCap:1 DriveClass:Chemical Efficiency:1 Thrust_N:15700000 ReqPowerPlant:Any_General Propellant:ReactionProducts EV_kps:5.6 Mass_t:30",""
"Drive","Nova Liquid Rocket x3","NovaLiquidRocketx3","Project_ImprovedInterplanetaryRockets","ThrustCap:1 DriveClass:Chemical Efficiency:1 Thrust_N:23550000 ReqPowerPlant:Any_General Propellant:ReactionProducts EV_kps:5.6 Mass_t:45",""
"Drive","Nova Liquid Rocket x4","NovaLiquidRocketx4","Project_ImprovedInterplanetaryRockets","ThrustCap:1 DriveClass:Chemical Efficiency:1 Thrust_N:31400000 ReqPowerPlant:Any_General Propellant:ReactionProducts EV_kps:5.6 Mass_t:60",""
"Drive","Nova Liquid Rocket x5","NovaLiquidRocketx5","Project_ImprovedInterplanetaryRockets","ThrustCap:1 DriveClass:Chemical Efficiency:1 Thrust_N:39250000 ReqPowerPlant:Any_General Propellant:ReactionProducts EV_kps:5.6 Mass_t:75",""
"Drive","Nova Liquid Rocket x6","NovaLiquidRocketx6","Project_ImprovedInterplanetaryRockets","ThrustCap:1 DriveClass:Chemical Efficiency:1 Thrust_N:47100000 ReqPowerPlant:Any_General Propellant:ReactionProducts EV_kps:5.6 Mass_t:90",""
"Drive","Super Kronos Liquid Rocket x1","SuperKronosLiquidRocketx1","Project_AdvancedInterplanetaryRockets","ThrustCap:1 DriveClass:Chemical Efficiency:1 Thrust_N:2500000 ReqPowerPlant:Any_General Propellant:ReactionProducts EV_kps:21.6 Mass_t:10",""
"Drive","Super Kronos Liquid Rocket x2","SuperKronosLiquidRocketx2","Project_AdvancedInterplanetaryRockets","ThrustCap:1 DriveClass:Chemical Efficiency:1 Thrust_N:5000000 ReqPowerPlant:Any_General Propellant:ReactionProducts EV_kps:21.6 Mass_t:20",""
"Drive","Super Kronos Liquid Rocket x3","SuperKronosLiquidRocketx3","Project_AdvancedInterplanetaryRockets","ThrustCap:1 DriveClass:Chemical Efficiency:1 Thrust_N:7500000 ReqPowerPlant:Any_General Propellant:ReactionProducts EV_kps:21.6 Mass_t:30",""
"Drive","Super Kronos Liquid Rocket x4","SuperKronosLiquidRocketx4","Project_AdvancedInterplanetaryRockets","ThrustCap:1 DriveClass:Chemical Efficiency:1 Thrust_N:10000000 ReqPowerPlant:Any_General Propellant:ReactionProducts EV_kps:21.6 Mass_t:40",""
"Drive","Super Kronos Liquid Rocket x5","SuperKronosLiquidRocketx5","Project_AdvancedInterplanetaryRockets","ThrustCap:1 DriveClass:Chemical Efficiency:1 Thrust_N:12500000 ReqPowerPlant:Any_General Propellant:ReactionProducts EV_kps:21.6 Mass_t:50",""
"Drive","Super Kronos Liquid Rocket x6","SuperKronosLiquidRocketx6","Project_AdvancedInterplanetaryRockets","ThrustCap:1 DriveClass:Chemical Efficiency:1 Thrust_N:15000000 ReqPowerPlant:Any_General Propellant:ReactionProducts EV_kps:21.6 Mass_t:60",""
"Drive","Tungsten Resistojet x1","TungstenResistojetx1","Project_TungstenResistojet","ThrustCap:10 DriveClass:Electrothermal Efficiency:0.81 Thrust_N:9900 ReqPowerPlant:Any_General Propellant:Hydrogen EV_kps:9.8 Mass_t:0",""
"Drive","Tungsten Resistojet x2","TungstenResistojetx2","Project_TungstenResistojet","ThrustCap:10 DriveClass:Electrothermal Efficiency:0.81 Thrust_N:19800 ReqPowerPlant:Any_General Propellant:Hydrogen EV_kps:9.8 Mass_t:0",""
"Drive","Tungsten Resistojet x3","TungstenResistojetx3","Project_TungstenResistojet","ThrustCap:10 DriveClass:Electrothermal Efficiency:0.81 Thrust_N:29700 ReqPowerPlant:Any_General Propellant:Hydrogen EV_kps:9.8 Mass_t:0",""
"Drive","Tungsten Resistojet x4","TungstenResistojetx4","Project_TungstenResistojet","ThrustCap:10 DriveClass:Electrothermal Efficiency:0.81 Thrust_N:39600 ReqPowerPlant:Any_General Propellant:Hydrogen EV_kps:9.8 Mass_t:0",""
"Drive","Tungsten Resistojet x5","TungstenResistojetx5","Project_TungstenResistojet","ThrustCap:10 DriveClass:Electrothermal Efficiency:0.81 Thrust_N:49500 ReqPowerPlant:Any_General Propellant:Hydrogen EV_kps:9.8 Mass_t:0",""
"Drive","Tungsten Resistojet x6","TungstenResistojetx6","Project_TungstenResistojet","ThrustCap:10 DriveClass:Electrothermal Efficiency:0.81 Thrust_N:59400 ReqPowerPlant:Any_General Propellant:Hydrogen EV_kps:9.8 Mass_t:0",""
"Drive","E-Beam Drive x1","E-BeamDrivex1","Project_E-BeamDrive","ThrustCap:16 DriveClass:Electrothermal Efficiency:0.76 Thrust_N:4600 ReqPowerPlant:Any_General Propellant:Anything EV_kps:19.62 Mass_t:0",""
"Drive","E-Beam Drive x2","E-BeamDrivex2","Project_E-BeamDrive","ThrustCap:16 DriveClass:Electrothermal Efficiency:0.76 Thrust_N:9200 ReqPowerPlant:Any_General Propellant:Anything EV_kps:19.62 Mass_t:0",""
"Drive","E-Beam Drive x3","E-BeamDrivex3","Project_E-BeamDrive","ThrustCap:16 DriveClass:Electrothermal Efficiency:0.76 Thrust_N:13800 ReqPowerPlant:Any_General Propellant:Anything EV_kps:19.62 Mass_t:0",""
"Drive","E-Beam Drive x4","E-BeamDrivex4","Project_E-BeamDrive","ThrustCap:16 DriveClass:Electrothermal Efficiency:0.76 Thrust_N:18400 ReqPowerPlant:Any_General Propellant:Anything EV_kps:19.62 Mass_t:0",""
"Drive","E-Beam Drive x5","E-BeamDrivex5","Project_E-BeamDrive","ThrustCap:16 DriveClass:Electrothermal Efficiency:0.76 Thrust_N:23000 ReqPowerPlant:Any_General Propellant:Anything EV_kps:19.62 Mass_t:0",""
"Drive","E-Beam Drive x6","E-BeamDrivex6","Project_E-BeamDrive","ThrustCap:16 DriveClass:Electrothermal Efficiency:0.76 Thrust_N:27600 ReqPowerPlant:Any_General Propellant:Anything EV_kps:19.62 Mass_t:0",""
"Drive","Amplitron Drive x1","AmplitronDrivex1","Project_AmplitronDrive","ThrustCap:20 DriveClass:Electrothermal Efficiency:0.81 Thrust_N:12000 ReqPowerPlant:Any_General Propellant:Water EV_kps:9.81 Mass_t:0",""
"Drive","Amplitron Drive x2","AmplitronDrivex2","Project_AmplitronDrive","ThrustCap:20 DriveClass:Electrothermal Efficiency:0.81 Thrust_N:24000 ReqPowerPlant:Any_General Propellant:Water EV_kps:9.81 Mass_t:0",""
"Drive","Amplitron Drive x3","AmplitronDrivex3","Project_AmplitronDrive","ThrustCap:20 DriveClass:Electrothermal Efficiency:0.81 Thrust_N:36000 ReqPowerPlant:Any_General Propellant:Water EV_kps:9.81 Mass_t:0",""
"Drive","Amplitron Drive x4","AmplitronDrivex4","Project_AmplitronDrive","ThrustCap:20 DriveClass:Electrothermal Efficiency:0.81 Thrust_N:48000 ReqPowerPlant:Any_General Propellant:Water EV_kps:9.81 Mass_t:0",""
"Drive","Amplitron Drive x5","AmplitronDrivex5","Project_AmplitronDrive","ThrustCap:20 DriveClass:Electrothermal Efficiency:0.81 Thrust_N:60000 ReqPowerPlant:Any_General Propellant:Water EV_kps:9.81 Mass_t:0",""
"Drive","Amplitron Drive x6","AmplitronDrivex6","Project_AmplitronDrive","ThrustCap:20 DriveClass:Electrothermal Efficiency:0.81 Thrust_N:72000 ReqPowerPlant:Any_General Propellant:Water EV_kps:9.81 Mass_t:0",""
"Drive","Ion Drive x1","IonDrivex1","Project_IonDrive","ThrustCap:1 DriveClass:Electrostatic Efficiency:0.95 Thrust_N:3300 ReqPowerPlant:Any_General Propellant:NobleGases EV_kps:78.4 Mass_t:0",""
"Drive","Ion Drive x2","IonDrivex2","Project_IonDrive","ThrustCap:1 DriveClass:Electrostatic Efficiency:0.95 Thrust_N:6600 ReqPowerPlant:Any_General Propellant:NobleGases EV_kps:78.4 Mass_t:0",""
"Drive","Ion Drive x3","IonDrivex3","Project_IonDrive","ThrustCap:1 DriveClass:Electrostatic Efficiency:0.95 Thrust_N:9900 ReqPowerPlant:Any_General Propellant:NobleGases EV_kps:78.4 Mass_t:0",""
"Drive","Ion Drive x4","IonDrivex4","Project_IonDrive","ThrustCap:1 DriveClass:Electrostatic Efficiency:0.95 Thrust_N:13200 ReqPowerPlant:Any_General Propellant:NobleGases EV_kps:78.4 Mass_t:0",""
"Drive","Ion Drive x5","IonDrivex5","Project_IonDrive","ThrustCap:1 DriveClass:Electrostatic Efficiency:0.95 Thrust_N:16500 ReqPowerPlant:Any_General Propellant:NobleGases EV_kps:78.4 Mass_t:0",""
"Drive","Ion Drive x6","IonDrivex6","Project_IonDrive","ThrustCap:1 DriveClass:Electrostatic Efficiency:0.95 Thrust_N:19800 ReqPowerPlant:Any_General Propellant:NobleGases EV_kps:78.4 Mass_t:0",""
"Drive","Colloid Drive x1","ColloidDrivex1","Project_ColloidDrive","ThrustCap:2 DriveClass:Electrostatic Efficiency:0.85 Thrust_N:8000 ReqPowerPlant:Any_General Propellant:Volatiles EV_kps:43 Mass_t:0",""
"Drive","Colloid Drive x2","ColloidDrivex2","Project_ColloidDrive","ThrustCap:2 DriveClass:Electrostatic Efficiency:0.85 Thrust_N:16000 ReqPowerPlant:Any_General Propellant:Volatiles EV_kps:43 Mass_t:0",""
"Drive","Colloid Drive x3","ColloidDrivex3","Project_ColloidDrive","ThrustCap:2 DriveClass:Electrostatic Efficiency:0.85 Thrust_N:24000 ReqPowerPlant:Any_General Propellant:Volatiles EV_kps:43 Mass_t:0",""
"Drive","Colloid Drive x4","ColloidDrivex4","Project_ColloidDrive","ThrustCap:2 DriveClass:Electrostatic Efficiency:0.85 Thrust_N:32000 ReqPowerPlant:Any_General Propellant:Volatiles EV_kps:43 Mass_t:0",""
"Drive","Colloid Drive x5","ColloidDrivex5","Project_ColloidDrive","ThrustCap:2 DriveClass:Electrostatic Efficiency:0.85 Thrust_N:40000 ReqPowerPlant:Any_General Propellant:Volatiles EV_kps:43 Mass_t:0",""
"Drive","Colloid Drive x6","ColloidDrivex6","Project_ColloidDrive","ThrustCap:2 DriveClass:Electrostatic Efficiency:0.85 Thrust_N:48000 ReqPowerPlant:Any_General Propellant:Volatiles EV_kps:43 Mass_t:0",""
"Drive","Grid Drive x1","GridDrivex1","Project_GridDrive","ThrustCap:1 DriveClass:Electrostatic Efficiency:0.95 Thrust_N:10000 ReqPowerPlant:Any_General Propellant:NobleGases EV_kps:210 Mass_t:0",""
"Drive","Grid Drive x2","GridDrivex2","Project_GridDrive","ThrustCap:1 DriveClass:Electrostatic Efficiency:0.95 Thrust_N:20000 ReqPowerPlant:Any_General Propellant:NobleGases EV_kps:210 Mass_t:0",""
"Drive","Grid Drive x3","GridDrivex3","Project_GridDrive","ThrustCap:1 DriveClass:Electrostatic Efficiency:0.95 Thrust_N:30000 ReqPowerPlant:Any_General Propellant:NobleGases EV_kps:210 Mass_t:0",""
"Drive","Grid Drive x4","GridDrivex4","Project_GridDrive","ThrustCap:1 DriveClass:Electrostatic Efficiency:0.95 Thrust_N:40000 ReqPowerPlant:Any_General Propellant:NobleGases EV_kps:210 Mass_t:0",""
"Drive","Grid Drive x5","GridDrivex5","Project_GridDrive","ThrustCap:1 DriveClass:Electrostatic Efficiency:0.95 Thrust_N:50000 ReqPowerPlant:Any_General Propellant:NobleGases EV_kps:210 Mass_t:0",""
"Drive","Grid Drive x6","GridDrivex6","Project_GridDrive","ThrustCap:1 DriveClass:Electrostatic Efficiency:0.95 Thrust_N:60000 ReqPowerPlant:Any_General Propellant:NobleGases EV_kps:210 Mass_t:0",""
"Drive","VASIMR x1","VASIMRx1","Project_VASIMR","ThrustCap:60 DriveClass:Electromagnetic Efficiency:0.6 Thrust_N:1000 ReqPowerPlant:Any_General Propellant:Hydrogen EV_kps:147 Mass_t:0",""
"Drive","VASIMR x2","VASIMRx2","Project_VASIMR","ThrustCap:60 DriveClass:Electromagnetic Efficiency:0.6 Thrust_N:2000 ReqPowerPlant:Any_General Propellant:Hydrogen EV_kps:147 Mass_t:0",""
"Drive","VASIMR x3","VASIMRx3","Project_VASIMR","ThrustCap:60 DriveClass:Electromagnetic Efficiency:0.6 Thrust_N:3000 ReqPowerPlant:Any_General Propellant:Hydrogen EV_kps:147 Mass_t:0",""
"Drive","VASIMR x4","VASIMRx4","Project_VASIMR","ThrustCap:60 DriveClass:Electromagnetic Efficiency:0.6 Thrust_N:4000 ReqPowerPlant:Any_General Propellant:Hydrogen EV_kps:147 Mass_t:0",""
"Drive","VASIMR x5","VASIMRx5","Project_VASIMR","ThrustCap:60 DriveClass:Electromagnetic Efficiency:0.6 Thrust_N:5000 ReqPowerPlant:Any_General Propellant:Hydrogen EV_kps:147 Mass_t:0",""
"Drive","VASIMR x6","VASIMRx6","Project_VASIMR","ThrustCap:60 DriveClass:Electromagnetic Efficiency:0.6 Thrust_N:6000 ReqPowerPlant:Any_General Propellant:Hydrogen EV_kps:147 Mass_t:0",""
"Drive","Ponderomotive VASIMR x1","PonderomotiveVASIMRx1","Project_PonderomotiveVASIMR","ThrustCap:80 DriveClass:Electromagnetic Efficiency:0.72 Thrust_N:2250 ReqPowerPlant:Any_General Propellant:Hydrogen EV_kps:147 Mass_t:0",""
"Drive","Ponderomotive VASIMR x2","PonderomotiveVASIMRx2","Project_PonderomotiveVASIMR","ThrustCap:80 DriveClass:Electromagnetic Efficiency:0.72 Thrust_N:4500 ReqPowerPlant:Any_General Propellant:Hydrogen EV_kps:147 Mass_t:0",""
"Drive","Ponderomotive VASIMR x3","PonderomotiveVASIMRx3","Project_PonderomotiveVASIMR","ThrustCap:80 DriveClass:Electromagnetic Efficiency:0.72 Thrust_N:6750 ReqPowerPlant:Any_General Propellant:Hydrogen EV_kps:147 Mass_t:0",""
"Drive","Ponderomotive VASIMR x4","PonderomotiveVASIMRx4","Project_PonderomotiveVASIMR","ThrustCap:80 DriveClass:Electromagnetic Efficiency:0.72 Thrust_N:9000 ReqPowerPlant:Any_General Propellant:Hydrogen EV_kps:147 Mass_t:0",""
"Drive","Ponderomotive VASIMR x5","PonderomotiveVASIMRx5","Project_PonderomotiveVASIMR","ThrustCap:80 DriveClass:Electromagnetic Efficiency:0.72 Thrust_N:11250 ReqPowerPlant:Any_General Propellant:Hydrogen EV_kps:147 Mass_t:0",""
"Drive","Ponderomotive VASIMR x6","PonderomotiveVASIMRx6","Project_PonderomotiveVASIMR","ThrustCap:80 DriveClass:Electromagnetic Efficiency:0.72 Thrust_N:13500 ReqPowerPlant:Any_General Propellant:Hydrogen EV_kps:147 Mass_t:0",""
"Drive","Pulsed Plasmoid Drive x1","PulsedPlasmoidDrivex1","Project_PulsedPlasmoidDrive","ThrustCap:1 DriveClass:Electromagnetic Efficiency:0.72 Thrust_N:2200 ReqPowerPlant:Any_General Propellant:Anything EV_kps:425 Mass_t:0",""
"Drive","Pulsed Plasmoid Drive x2","PulsedPlasmoidDrivex2","Project_PulsedPlasmoidDrive","ThrustCap:1 DriveClass:Electromagnetic Efficiency:0.72 Thrust_N:4400 ReqPowerPlant:Any_General Propellant:Anything EV_kps:425 Mass_t:0",""
"Drive","Pulsed Plasmoid Drive x3","PulsedPlasmoidDrivex3","Project_PulsedPlasmoidDrive","ThrustCap:1 DriveClass:Electromagnetic Efficiency:0.72 Thrust_N:6600 ReqPowerPlant:Any_General Propellant:Anything EV_kps:425 Mass_t:0",""
"Drive","Pulsed Plasmoid Drive x4","PulsedPlasmoidDrivex4","Project_PulsedPlasmoidDrive","ThrustCap:1 DriveClass:Electromagnetic Efficiency:0.72 Thrust_N:8800 ReqPowerPlant:Any_General Propellant:Anything EV_kps:425 Mass_t:0",""
"Drive","Pulsed Plasmoid Drive x5","PulsedPlasmoidDrivex5","Project_PulsedPlasmoidDrive","ThrustCap:1 DriveClass:Electromagnetic Efficiency:0.72 Thrust_N:11000 ReqPowerPlant:Any_General Propellant:Anything EV_kps:425 Mass_t:0",""
"Drive","Pulsed Plasmoid Drive x6","PulsedPlasmoidDrivex6","Project_PulsedPlasmoidDrive","ThrustCap:1 DriveClass:Electromagnetic Efficiency:0.72 Thrust_N:13200 ReqPowerPlant:Any_General Propellant:Anything EV_kps:425 Mass_t:0",""
"Drive","Lorentz Drive x1","LorentzDrivex1","Project_LorentzDrive","ThrustCap:20 DriveClass:Electromagnetic Efficiency:0.79 Thrust_N:20000 ReqPowerPlant:Any_General Propellant:NobleGases EV_kps:110 Mass_t:0",""
"Drive","Lorentz Drive x2","LorentzDrivex2","Project_LorentzDrive","ThrustCap:20 DriveClass:Electromagnetic Efficiency:0.79 Thrust_N:40000 ReqPowerPlant:Any_General Propellant:NobleGases EV_kps:110 Mass_t:0",""
"Drive","Lorentz Drive x3","LorentzDrivex3","Project_LorentzDrive","ThrustCap:20 DriveClass:Electromagnetic Efficiency:0.79 Thrust_N:60000 ReqPowerPlant:Any_General Propellant:NobleGases EV_kps:110 Mass_t:0",""
"Drive","Lorentz Drive x4","LorentzDrivex4","Project_LorentzDrive","ThrustCap:20 DriveClass:Electromagnetic Efficiency:0.79 Thrust_N:80000 ReqPowerPlant:Any_General Propellant:NobleGases EV_kps:110 Mass_t:0",""
"Drive","Lorentz Drive x5","LorentzDrivex5","Project_LorentzDrive","ThrustCap:20 DriveClass:Electromagnetic Efficiency:0.79 Thrust_N:100000 ReqPowerPlant:Any_General Propellant:NobleGases EV_kps:110 Mass_t:0",""
"Drive","Lorentz Drive x6","LorentzDrivex6","Project_LorentzDrive","ThrustCap:20 DriveClass:Electromagnetic Efficiency:0.79 Thrust_N:120000 ReqPowerPlant:Any_General Propellant:NobleGases EV_kps:110 Mass_t:0",""
"Drive","Helicon Drive x1","HeliconDrivex1","Project_HeliconDrive","ThrustCap:20 DriveClass:Electromagnetic Efficiency:0.79 Thrust_N:20000 ReqPowerPlant:Any_General Propellant:NobleGases EV_kps:314 Mass_t:0",""
"Drive","Helicon Drive x2","HeliconDrivex2","Project_HeliconDrive","ThrustCap:20 DriveClass:Electromagnetic Efficiency:0.79 Thrust_N:40000 ReqPowerPlant:Any_General Propellant:NobleGases EV_kps:314 Mass_t:0",""
"Drive","Helicon Drive x3","HeliconDrivex3","Project_HeliconDrive","ThrustCap:20 DriveClass:Electromagnetic Efficiency:0.79 Thrust_N:60000 ReqPowerPlant:Any_General Propellant:NobleGases EV_kps:314 Mass_t:0",""
"Drive","Helicon Drive x4","HeliconDrivex4","Project_HeliconDrive","ThrustCap:20 DriveClass:Electromagnetic Efficiency:0.79 Thrust_N:80000 ReqPowerPlant:Any_General Propellant:NobleGases EV_kps:314 Mass_t:0",""
"Drive","Helicon Drive x5","HeliconDrivex5","Project_HeliconDrive","ThrustCap:20 DriveClass:Electromagnetic Efficiency:0.79 Thrust_N:100000 ReqPowerPlant:Any_General Propellant:NobleGases EV_kps:314 Mass_t:0",""
"Drive","Helicon Drive x6","HeliconDrivex6","Project_HeliconDrive","ThrustCap:20 DriveClass:Electromagnetic Efficiency:0.79 Thrust_N:120000 ReqPowerPlant:Any_General Propellant:NobleGases EV_kps:314 Mass_t:0",""
"Drive","Mass Driver x1","MassDriverx1","Project_MassDriver","ThrustCap:10 DriveClass:Electromagnetic Efficiency:0.65 Thrust_N:10400 ReqPowerPlant:Any_General Propellant:Anything EV_kps:9.81 Mass_t:0",""
"Drive","Mass Driver x2","MassDriverx2","Project_MassDriver","ThrustCap:10 DriveClass:Electromagnetic Efficiency:0.65 Thrust_N:20800 ReqPowerPlant:Any_General Propellant:Anything EV_kps:9.81 Mass_t:0",""
"Drive","Mass Driver x3","MassDriverx3","Project_MassDriver","ThrustCap:10 DriveClass:Electromagnetic Efficiency:0.65 Thrust_N:31200 ReqPowerPlant:Any_General Propellant:Anything EV_kps:9.81 Mass_t:0",""
"Drive","Mass Driver x4","MassDriverx4","Project_MassDriver","ThrustCap:10 DriveClass:Electromagnetic Efficiency:0.65 Thrust_N:41600 ReqPowerPlant:Any_General Propellant:Anything EV_kps:9.81 Mass_t:0",""
"Drive","Mass Driver x5","MassDriverx5","Project_MassDriver","ThrustCap:10 DriveClass:Electromagnetic Efficiency:0.65 Thrust_N:52000 ReqPowerPlant:Any_General Propellant:Anything EV_kps:9.81 Mass_t:0",""
"Drive","Mass Driver x6","MassDriverx6","Project_MassDriver","ThrustCap:10 DriveClass:Electromagnetic Efficiency:0.65 Thrust_N:62400 ReqPowerPlant:Any_General Propellant:Anything EV_kps:9.81 Mass_t:0",""
"Drive","Superconducting Mass Driver x1","SuperconductingMassDriverx1","Project_SuperconductingMassDriver","ThrustCap:20 DriveClass:Electromagnetic Efficiency:0.85 Thrust_N:20000 ReqPowerPlant:Any_General Propellant:Anything EV_kps:30 Mass_t:0",""
"Drive","Superconducting Mass Driver x2","SuperconductingMassDriverx2","Project_SuperconductingMassDriver","ThrustCap:20 DriveClass:Electromagnetic Efficiency:0.85 Thrust_N:40000 ReqPowerPlant:Any_General Propellant:Anything EV_kps:30 Mass_t:0",""
"Drive","Superconducting Mass Driver x3","SuperconductingMassDriverx3","Project_SuperconductingMassDriver","ThrustCap:20 DriveClass:Electromagnetic Efficiency:0.85 Thrust_N:60000 ReqPowerPlant:Any_General Propellant:Anything EV_kps:30 Mass_t:0",""
"Drive","Superconducting Mass Driver x4","SuperconductingMassDriverx4","Project_SuperconductingMassDriver","ThrustCap:20 DriveClass:Electromagnetic Efficiency:0.85 Thrust_N:80000 ReqPowerPlant:Any_General Propellant:Anything EV_kps:30 Mass_t:0",""
"Drive","Superconducting Mass Driver x5","SuperconductingMassDriverx5","Project_SuperconductingMassDriver","ThrustCap:20 DriveClass:Electromagnetic Efficiency:0.85 Thrust_N:100000 ReqPowerPlant:Any_General Propellant:Anything EV_kps:30 Mass_t:0",""
"Drive","Superconducting Mass Driver x6","SuperconductingMassDriverx6","Project_SuperconductingMassDriver","ThrustCap:20 DriveClass:Electromagnetic Efficiency:0.85 Thrust_N:120000 ReqPowerPlant:Any_General Propellant:Anything EV_kps:30 Mass_t:0",""
"Drive","Kiwi Drive x1","KiwiDrivex1","Project_KiwiDrive","ThrustCap:10 DriveClass:Fission_Thermal Efficiency:0.7 Thrust_N:33000 ReqPowerPlant:Solid_Core_Fission Propellant:Hydrogen EV_kps:8.77 Mass_t:0",""
"Drive","Kiwi Drive x2","KiwiDrivex2","Project_KiwiDrive","ThrustCap:10 DriveClass:Fission_Thermal Efficiency:0.7 Thrust_N:66000 ReqPowerPlant:Solid_Core_Fission Propellant:Hydrogen EV_kps:8.77 Mass_t:0",""
"Drive","Kiwi Drive x3","KiwiDrivex3","Project_KiwiDrive","ThrustCap:10 DriveClass:Fission_Thermal Efficiency:0.7 Thrust_N:99000 ReqPowerPlant:Solid_Core_Fission Propellant:Hydrogen EV_kps:8.77 Mass_t:0",""
"Drive","Kiwi Drive x4","KiwiDrivex4","Project_KiwiDrive","ThrustCap:10 DriveClass:Fission_Thermal Efficiency:0.7 Thrust_N:132000 ReqPowerPlant:Solid_Core_Fission Propellant:Hydrogen EV_kps:8.77 Mass_t:0",""
"Drive","Kiwi Drive x5","KiwiDrivex5","Project_KiwiDrive","ThrustCap:10 DriveClass:Fission_Thermal Efficiency:0.7 Thrust_N:165000 ReqPowerPlant:Solid_Core_Fission Propellant:Hydrogen EV_kps:8.77 Mass_t:0",""
"Drive","Kiwi Drive x6","KiwiDrivex6","Project_KiwiDrive","ThrustCap:10 DriveClass:Fission_Thermal Efficiency:0.7 Thrust_N:198000 ReqPowerPlant:Solid_Core_Fission Propellant:Hydrogen EV_kps:8.77 Mass_t:0",""
"Drive","Nerva Drive x1","NervaDrivex1","Project_NervaDrive","ThrustCap:9 DriveClass:Fission_Thermal Efficiency:0.7 Thrust_N:49000 ReqPowerPlant:Solid_Core_Fission Propellant:Hydrogen EV_kps:8.09 Mass_t:0",""
"Drive","Nerva Drive x2","NervaDrivex2","Project_NervaDrive","ThrustCap:9 DriveClass:Fission_Thermal Efficiency:0.7 Thrust_N:98000 ReqPowerPlant:Solid_Core_Fission Propellant:Hydrogen EV_kps:8.09 Mass_t:0",""
"Drive","Nerva Drive x3","NervaDrivex3","Project_NervaDrive","ThrustCap:9 DriveClass:Fission_Thermal Efficiency:0.7 Thrust_N:147000 ReqPowerPlant:Solid_Core_Fission Propellant:Hydrogen EV_kps:8.09 Mass_t:0",""
"Drive","Nerva Drive x4","NervaDrivex4","Project_NervaDrive","ThrustCap:9 DriveClass:Fission_Thermal Efficiency:0.7 Thrust_N:196000 ReqPowerPlant:Solid_Core_Fission Propellant:Hydrogen EV_kps:8.09 Mass_t:0",""
"Drive","Nerva Drive x5","NervaDrivex5","Project_NervaDrive","ThrustCap:9 DriveClass:Fission_Thermal Efficiency:0.7 Thrust_N:245000 ReqPowerPlant:Solid_Core_Fission Propellant:Hydrogen EV_kps:8.09 Mass_t:0",""
"Drive","Nerva Drive x6","NervaDrivex6","Project_NervaDrive","ThrustCap:9 DriveClass:Fission_Thermal Efficiency:0.7 Thrust_N:294000 ReqPowerPlant:Solid_Core_Fission Propellant:Hydrogen EV_kps:8.09 Mass_t:0",""
"Drive","Snare Drive x1","SnareDrivex1","Project_SnareDrive","ThrustCap:10 DriveClass:Fission_Thermal Efficiency:0.7 Thrust_N:73000 ReqPowerPlant:Solid_Core_Fission Propellant:Hydrogen EV_kps:8.83 Mass_t:0",""
"Drive","Snare Drive x2","SnareDrivex2","Project_SnareDrive","ThrustCap:10 DriveClass:Fission_Thermal Efficiency:0.7 Thrust_N:146000 ReqPowerPlant:Solid_Core_Fission Propellant:Hydrogen EV_kps:8.83 Mass_t:0",""
"Drive","Snare Drive x3","SnareDrivex3","Project_SnareDrive","ThrustCap:10 DriveClass:Fission_Thermal Efficiency:0.7 Thrust_N:219000 ReqPowerPlant:Solid_Core_Fission Propellant:Hydrogen EV_kps:8.83 Mass_t:0",""
"Drive","Snare Drive x4","SnareDrivex4","Project_SnareDrive","ThrustCap:10 DriveClass:Fission_Thermal Efficiency:0.7 Thrust_N:292000 ReqPowerPlant:Solid_Core_Fission Propellant:Hydrogen EV_kps:8.83 Mass_t:0",""
"Drive","Snare Drive x5","SnareDrivex5","Project_SnareDrive","ThrustCap:10 DriveClass:Fission_Thermal Efficiency:0.7 Thrust_N:365000 ReqPowerPlant:Solid_Core_Fission Propellant:Hydrogen EV_kps:8.83 Mass_t:0",""
"Drive","Snare Drive x6","SnareDrivex6","Project_SnareDrive","ThrustCap:10 DriveClass:Fission_Thermal Efficiency:0.7 Thrust_N:438000 ReqPowerPlant:Solid_Core_Fission Propellant:Hydrogen EV_kps:8.83 Mass_t:0",""
"Drive","Rover Drive x1","RoverDrivex1","Project_RoverDrive","ThrustCap:10 DriveClass:Fission_Thermal Efficiency:0.7 Thrust_N:245000 ReqPowerPlant:Solid_Core_Fission Propellant:Hydrogen EV_kps:8.18 Mass_t:0",""
"Drive","Rover Drive x2","RoverDrivex2","Project_RoverDrive","ThrustCap:10 DriveClass:Fission_Thermal Efficiency:0.7 Thrust_N:490000 ReqPowerPlant:Solid_Core_Fission Propellant:Hydrogen EV_kps:8.18 Mass_t:0",""
"Drive","Rover Drive x3","RoverDrivex3","Project_RoverDrive","ThrustCap:10 DriveClass:Fission_Thermal Efficiency:0.7 Thrust_N:735000 ReqPowerPlant:Solid_Core_Fission Propellant:Hydrogen EV_kps:8.18 Mass_t:0",""
"Drive","Rover Drive x4","RoverDrivex4","Project_RoverDrive","ThrustCap:10 DriveClass:Fission_Thermal Efficiency:0.7 Thrust_N:980000 ReqPowerPlant:Solid_Core_Fission Propellant:Hydrogen EV_kps:8.18 Mass_t:0",""
"Drive","Rover Drive x5","RoverDrivex5","Project_RoverDrive","ThrustCap:10 DriveClass:Fission_Thermal Efficiency:0.7 Thrust_N:1225000 ReqPowerPlant:Solid_Core_Fission Propellant:Hydrogen EV_kps:8.18 Mass_t:0",""
"Drive","Rover Drive x6","RoverDrivex6","Project_RoverDrive","ThrustCap:10 DriveClass:Fission_Thermal Efficiency:0.7 Thrust_N:1470000 ReqPowerPlant:Solid_Core_Fission Propellant:Hydrogen EV_kps:8.18 Mass_t:0",""
"Drive","Cermet Nerva x1","CermetNervax1","Project_CermetNerva","ThrustCap:12 DriveClass:Fission_Thermal Efficiency:0.7 Thrust_N:134400 ReqPowerPlant:Solid_Core_Fission Propellant:Hydrogen EV_kps:9.81 Mass_t:0",""
"Drive","Cermet Nerva x2","CermetNervax2","Project_CermetNerva","ThrustCap:12 DriveClass:Fission_Thermal Efficiency:0.7 Thrust_N:268800 ReqPowerPlant:Solid_Core_Fission Propellant:Hydrogen EV_kps:9.81 Mass_t:0",""
"Drive","Cermet Nerva x3","CermetNervax3","Project_CermetNerva","ThrustCap:12 DriveClass:Fission_Thermal Efficiency:0.7 Thrust_N:403200 ReqPowerPlant:Solid_Core_Fission Propellant:Hydrogen EV_kps:9.81 Mass_t:0",""
"Drive","Cermet Nerva x4","CermetNervax4","Project_CermetNerva","ThrustCap:12 DriveClass:Fission_Thermal Efficiency:0.7 Thrust_N:537600 ReqPowerPlant:Solid_Core_Fission Propellant:Hydrogen EV_kps:9.81 Mass_t:0",""
"Drive","Cermet Nerva x5","CermetNervax5","Project_CermetNerva","ThrustCap:12 DriveClass:Fission_Thermal Efficiency:0.7 Thrust_N:672000 ReqPowerPlant:Solid_Core_Fission Propellant:Hydrogen EV_kps:9.81 Mass_t:0",""
"Drive","Cermet Nerva x6","CermetNervax6","Project_CermetNerva","ThrustCap:12 DriveClass:Fission_Thermal Efficiency:0.7 Thrust_N:806400 ReqPowerPlant:Solid_Core_Fission Propellant:Hydrogen EV_kps:9.81 Mass_t:0",""
"Drive","Dumbo x1","Dumbox1","Project_Dumbo","ThrustCap:9 DriveClass:Fission_Thermal Efficiency:0.725 Thrust_N:400000 ReqPowerPlant:Solid_Core_Fission Propellant:Hydrogen EV_kps:8.3 Mass_t:0",""
"Drive","Dumbo x2","Dumbox2","Project_Dumbo","ThrustCap:9 DriveClass:Fission_Thermal Efficiency:0.725 Thrust_N:800000 ReqPowerPlant:Solid_Core_Fission Propellant:Hydrogen EV_kps:8.3 Mass_t:0",""
"Drive","Dumbo x3","Dumbox3","Project_Dumbo","ThrustCap:9 DriveClass:Fission_Thermal Efficiency:0.725 Thrust_N:1200000 ReqPowerPlant:Solid_Core_Fission Propellant:Hydrogen EV_kps:8.3 Mass_t:0",""
"Drive","Dumbo x4","Dumbox4","Project_Dumbo","ThrustCap:9 DriveClass:Fission_Thermal Efficiency:0.725 Thrust_N:1600000 ReqPowerPlant:Solid_Core_Fission Propellant:Hydrogen EV_kps:8.3 Mass_t:0",""
"Drive","Dumbo x5","Dumbox5","Project_Dumbo","ThrustCap:9 DriveClass:Fission_Thermal Efficiency:0.725 Thrust_N:2000000 ReqPowerPlant:Solid_Core_Fission Propellant:Hydrogen EV_kps:8.3 Mass_t:0",""
"Drive","Dumbo x6","Dumbox6","Project_Dumbo","ThrustCap:9 DriveClass:Fission_Thermal Efficiency:0.725 Thrust_N:2400000 ReqPowerPlant:Solid_Core_Fission Propellant:Hydrogen EV_kps:8.3 Mass_t:0",""
"Drive","Heavy Dumbo x1","HeavyDumbox1","Project_HeavyDumbo","ThrustCap:9 DriveClass:Fission_Thermal Efficiency:0.725 Thrust_N:3500000 ReqPowerPlant:Solid_Core_Fission Propellant:Hydrogen EV_kps:8.09 Mass_t:0",""
"Drive","Heavy Dumbo x2","HeavyDumbox2","Project_HeavyDumbo","ThrustCap:9 DriveClass:Fission_Thermal Efficiency:0.725 Thrust_N:7000000 ReqPowerPlant:Solid_Core_Fission Propellant:Hydrogen EV_kps:8.09 Mass_t:0",""
"Drive","Heavy Dumbo x3","HeavyDumbox3","Project_HeavyDumbo","ThrustCap:9 DriveClass:Fission_Thermal Efficiency:0.725 Thrust_N:10500000 ReqPowerPlant:Solid_Core_Fission Propellant:Hydrogen EV_kps:8.09 Mass_t:0",""
"Drive","Heavy Dumbo x4","HeavyDumbox4","Project_HeavyDumbo","ThrustCap:9 DriveClass:Fission_Thermal Efficiency:0.725 Thrust_N:14000000 ReqPowerPlant:Solid_Core_Fission Propellant:Hydrogen EV_kps:8.09 Mass_t:0",""
"Drive","Heavy Dumbo x5","HeavyDumbox5","Project_HeavyDumbo","ThrustCap:9 DriveClass:Fission_Thermal Efficiency:0.725 Thrust_N:17500000 ReqPowerPlant:Solid_Core_Fission Propellant:Hydrogen EV_kps:8.09 Mass_t:0",""
"Drive","Heavy Dumbo x6","HeavyDumbox6","Project_HeavyDumbo","ThrustCap:9 DriveClass:Fission_Thermal Efficiency:0.725 Thrust_N:21000000 ReqPowerPlant:Solid_Core_Fission Propellant:Hydrogen EV_kps:8.09 Mass_t:0",""
"Drive","Pulsar Drive x1","PulsarDrivex1","Project_PulsarDrive","ThrustCap:5 DriveClass:Fission_Thermal Efficiency:0.85 Thrust_N:100000 ReqPowerPlant:Solid_Core_Fission Propellant:Hydrogen EV_kps:16 Mass_t:0",""
"Drive","Pulsar Drive x2","PulsarDrivex2","Project_PulsarDrive","ThrustCap:5 DriveClass:Fission_Thermal Efficiency:0.85 Thrust_N:200000 ReqPowerPlant:Solid_Core_Fission Propellant:Hydrogen EV_kps:16 Mass_t:0",""
"Drive","Pulsar Drive x3","PulsarDrivex3","Project_PulsarDrive","ThrustCap:5 DriveClass:Fission_Thermal Efficiency:0.85 Thrust_N:300000 ReqPowerPlant:Solid_Core_Fission Propellant:Hydrogen EV_kps:16 Mass_t:0",""
"Drive","Pulsar Drive x4","PulsarDrivex4","Project_PulsarDrive","ThrustCap:5 DriveClass:Fission_Thermal Efficiency:0.85 Thrust_N:400000 ReqPowerPlant:Solid_Core_Fission Propellant:Hydrogen EV_kps:16 Mass_t:0",""
"Drive","Pulsar Drive x5","PulsarDrivex5","Project_PulsarDrive","ThrustCap:5 DriveClass:Fission_Thermal Efficiency:0.85 Thrust_N:500000 ReqPowerPlant:Solid_Core_Fission Propellant:Hydrogen EV_kps:16 Mass_t:0",""
"Drive","Pulsar Drive x6","PulsarDrivex6","Project_PulsarDrive","ThrustCap:5 DriveClass:Fission_Thermal Efficiency:0.85 Thrust_N:600000 ReqPowerPlant:Solid_Core_Fission Propellant:Hydrogen EV_kps:16 Mass_t:0",""
"Drive","Advanced Pulsar Drive x1","AdvancedPulsarDrivex1","Project_AdvancedPulsarDrive","ThrustCap:5 DriveClass:Fission_Thermal Efficiency:0.9 Thrust_N:180000 ReqPowerPlant:Solid_Core_Fission Propellant:Hydrogen EV_kps:32 Mass_t:0",""
"Drive","Advanced Pulsar Drive x2","AdvancedPulsarDrivex2","Project_AdvancedPulsarDrive","ThrustCap:5 DriveClass:Fission_Thermal Efficiency:0.9 Thrust_N:360000 ReqPowerPlant:Solid_Core_Fission Propellant:Hydrogen EV_kps:32 Mass_t:0",""
"Drive","Advanced Pulsar Drive x3","AdvancedPulsarDrivex3","Project_AdvancedPulsarDrive","ThrustCap:5 DriveClass:Fission_Thermal Efficiency:0.9 Thrust_N:540000 ReqPowerPlant:Solid_Core_Fission Propellant:Hydrogen EV_kps:32 Mass_t:0",""
"Drive","Advanced Pulsar Drive x4","AdvancedPulsarDrivex4","Project_AdvancedPulsarDrive","ThrustCap:5 DriveClass:Fission_Thermal Efficiency:0.9 Thrust_N:720000 ReqPowerPlant:Solid_Core_Fission Propellant:Hydrogen EV_kps:32 Mass_t:0",""
"Drive","Advanced Pulsar Drive x5","AdvancedPulsarDrivex5","Project_AdvancedPulsarDrive","ThrustCap:5 DriveClass:Fission_Thermal Efficiency:0.9 Thrust_N:900000 ReqPowerPlant:Solid_Core_Fission Propellant:Hydrogen EV_kps:32 Mass_t:0",""
"Drive","Advanced Pulsar Drive x6","AdvancedPulsarDrivex6","Project_AdvancedPulsarDrive","ThrustCap:5 DriveClass:Fission_Thermal Efficiency:0.9 Thrust_N:1080000 ReqPowerPlant:Solid_Core_Fission Propellant:Hydrogen EV_kps:32 Mass_t:0",""
"Drive","Pebble Drive x1","PebbleDrivex1","Project_PebbleDrive","ThrustCap:15 DriveClass:Fission_Thermal Efficiency:0.94 Thrust_N:172700 ReqPowerPlant:Solid_Core_Fission Propellant:Hydrogen EV_kps:9.81 Mass_t:0",""
"Drive","Pebble Drive x2","PebbleDrivex2","Project_PebbleDrive","ThrustCap:15 DriveClass:Fission_Thermal Efficiency:0.94 Thrust_N:345400 ReqPowerPlant:Solid_Core_Fission Propellant:Hydrogen EV_kps:9.81 Mass_t:0",""
"Drive","Pebble Drive x3","PebbleDrivex3","Project_PebbleDrive","ThrustCap:15 DriveClass:Fission_Thermal Efficiency:0.94 Thrust_N:518100 ReqPowerPlant:Solid_Core_Fission Propellant:Hydrogen EV_kps:9.81 Mass_t:0",""
"Drive","Pebble Drive x4","PebbleDrivex4","Project_PebbleDrive","ThrustCap:15 DriveClass:Fission_Thermal Efficiency:0.94 Thrust_N:690800 ReqPowerPlant:Solid_Core_Fission Propellant:Hydrogen EV_kps:9.81 Mass_t:0",""
"Drive","Pebble Drive x5","PebbleDrivex5","Project_PebbleDrive","ThrustCap:15 DriveClass:Fission_Thermal Efficiency:0.94 Thrust_N:863500 ReqPowerPlant:Solid_Core_Fission Propellant:Hydrogen EV_kps:9.81 Mass_t:0",""
"Drive","Pebble Drive x6","PebbleDrivex6","Project_PebbleDrive","ThrustCap:15 DriveClass:Fission_Thermal Efficiency:0.94 Thrust_N:1036200 ReqPowerPlant:Solid_Core_Fission Propellant:Hydrogen EV_kps:9.81 Mass_t:0",""
"Drive","Lars Drive x1","LarsDrivex1","Project_LarsDrive","ThrustCap:15 DriveClass:Fission_Thermal Efficiency:0.85 Thrust_N:98000 ReqPowerPlant:Liquid_Core_Fission Propellant:Hydrogen EV_kps:19.62 Mass_t:0",""
"Drive","Lars Drive x2","LarsDrivex2","Project_LarsDrive","ThrustCap:15 DriveClass:Fission_Thermal Efficiency:0.85 Thrust_N:196000 ReqPowerPlant:Liquid_Core_Fission Propellant:Hydrogen EV_kps:19.62 Mass_t:0",""
"Drive","Lars Drive x3","LarsDrivex3","Project_LarsDrive","ThrustCap:15 DriveClass:Fission_Thermal Efficiency:0.85 Thrust_N:294000 ReqPowerPlant:Liquid_Core_Fission Propellant:Hydrogen EV_kps:19.62 Mass_t:0",""
"Drive","Lars Drive x4","LarsDrivex4","Project_LarsDrive","ThrustCap:15 DriveClass:Fission_Thermal Efficiency:0.85 Thrust_N:392000 ReqPowerPlant:Liquid_Core_Fission Propellant:Hydrogen EV_kps:19.62 Mass_t:0",""
"Drive","Lars Drive x5","LarsDrivex5","Project_LarsDrive","ThrustCap:15 DriveClass:Fission_Thermal Efficiency:0.85 Thrust_N:490000 ReqPowerPlant:Liquid_Core_Fission Propellant:Hydrogen EV_kps:19.62 Mass_t:0",""
"Drive","Lars Drive x6","LarsDrivex6","Project_LarsDrive","ThrustCap:15 DriveClass:Fission_Thermal Efficiency:0.85 Thrust_N:588000 ReqPowerPlant:Liquid_Core_Fission Propellant:Hydrogen EV_kps:19.62 Mass_t:0",""
"Drive","Teardrop Drive x1","TeardropDrivex1","Project_TeardropDrive","ThrustCap:15 DriveClass:Fission_Thermal Efficiency:0.75 Thrust_N:333000 ReqPowerPlant:Liquid_Core_Fission Propellant:Hydrogen EV_kps:19.62 Mass_t:0",""
"Drive","Teardrop Drive x2","TeardropDrivex2","Project_TeardropDrive","ThrustCap:15 DriveClass:Fission_Thermal Efficiency:0.75 Thrust_N:666000 ReqPowerPlant:Liquid_Core_Fission Propellant:Hydrogen EV_kps:19.62 Mass_t:0",""
"Drive","Teardrop Drive x3","TeardropDrivex3","Project_TeardropDrive","ThrustCap:15 DriveClass:Fission_Thermal Efficiency:0.75 Thrust_N:999000 ReqPowerPlant:Liquid_Core_Fission Propellant:Hydrogen EV_kps:19.62 Mass_t:0",""
"Drive","Teardrop Drive x4","TeardropDrivex4","Project_TeardropDrive","ThrustCap:15 DriveClass:Fission_Thermal Efficiency:0.75 Thrust_N:1332000 ReqPowerPlant:Liquid_Core_Fission Propellant:Hydrogen EV_kps:19.62 Mass_t:0",""
"Drive","Teardrop Drive x5","TeardropDrivex5","Project_TeardropDrive","ThrustCap:15 DriveClass:Fission_Thermal Efficiency:0.75 Thrust_N:1665000 ReqPowerPlant:Liquid_Core_Fission Propellant:Hydrogen EV_kps:19.62 Mass_t:0",""
"Drive","Teardrop Drive x6","TeardropDrivex6","Project_TeardropDrive","ThrustCap:15 DriveClass:Fission_Thermal Efficiency:0.75 Thrust_N:1998000 ReqPowerPlant:Liquid_Core_Fission Propellant:Hydrogen EV_kps:19.62 Mass_t:0",""
"Drive","Fission Spinner Drive x1","FissionSpinnerDrivex1","Project_FissionSpinnerDrive","ThrustCap:14 DriveClass:Fission_Thermal Efficiency:0.85 Thrust_N:540000 ReqPowerPlant:Liquid_Core_Fission Propellant:Hydrogen EV_kps:17.7 Mass_t:0",""
"Drive","Fission Spinner Drive x2","FissionSpinnerDrivex2","Project_FissionSpinnerDrive","ThrustCap:14 DriveClass:Fission_Thermal Efficiency:0.85 Thrust_N:1080000 ReqPowerPlant:Liquid_Core_Fission Propellant:Hydrogen EV_kps:17.7 Mass_t:0",""
"Drive","Fission Spinner Drive x3","FissionSpinnerDrivex3","Project_FissionSpinnerDrive","ThrustCap:14 DriveClass:Fission_Thermal Efficiency:0.85 Thrust_N:1620000 ReqPowerPlant:Liquid_Core_Fission Propellant:Hydrogen EV_kps:17.7 Mass_t:0",""
"Drive","Fission Spinner Drive x4","FissionSpinnerDrivex4","Project_FissionSpinnerDrive","ThrustCap:14 DriveClass:Fission_Thermal Efficiency:0.85 Thrust_N:2160000 ReqPowerPlant:Liquid_Core_Fission Propellant:Hydrogen EV_kps:17.7 Mass_t:0",""
"Drive","Fission Spinner Drive x5","FissionSpinnerDrivex5","Project_FissionSpinnerDrive","ThrustCap:14 DriveClass:Fission_Thermal Efficiency:0.85 Thrust_N:2700000 ReqPowerPlant:Liquid_Core_Fission Propellant:Hydrogen EV_kps:17.7 Mass_t:0",""
"Drive","Fission Spinner Drive x6","FissionSpinnerDrivex6","Project_FissionSpinnerDrive","ThrustCap:14 DriveClass:Fission_Thermal Efficiency:0.85 Thrust_N:3240000 ReqPowerPlant:Liquid_Core_Fission Propellant:Hydrogen EV_kps:17.7 Mass_t:0",""
"Drive","Vortex Drive x1","VortexDrivex1","Project_VortexDrive","ThrustCap:15 DriveClass:Fission_Thermal Efficiency:0.7 Thrust_N:330000 ReqPowerPlant:Gas_Core_Fission Propellant:Hydrogen EV_kps:19.62 Mass_t:0",""
"Drive","Vortex Drive x2","VortexDrivex2","Project_VortexDrive","ThrustCap:15 DriveClass:Fission_Thermal Efficiency:0.7 Thrust_N:660000 ReqPowerPlant:Gas_Core_Fission Propellant:Hydrogen EV_kps:19.62 Mass_t:0",""
"Drive","Vortex Drive x3","VortexDrivex3","Project_VortexDrive","ThrustCap:15 DriveClass:Fission_Thermal Efficiency:0.7 Thrust_N:990000 ReqPowerPlant:Gas_Core_Fission Propellant:Hydrogen EV_kps:19.62 Mass_t:0",""
"Drive","Vortex Drive x4","VortexDrivex4","Project_VortexDrive","ThrustCap:15 DriveClass:Fission_Thermal Efficiency:0.7 Thrust_N:1320000 ReqPowerPlant:Gas_Core_Fission Propellant:Hydrogen EV_kps:19.62 Mass_t:0",""
"Drive","Vortex Drive x5","VortexDrivex5","Project_VortexDrive","ThrustCap:15 DriveClass:Fission_Thermal Efficiency:0.7 Thrust_N:1650000 ReqPowerPlant:Gas_Core_Fission Propellant:Hydrogen EV_kps:19.62 Mass_t:0",""
"Drive","Vortex Drive x6","VortexDrivex6","Project_VortexDrive","ThrustCap:15 DriveClass:Fission_Thermal Efficiency:0.7 Thrust_N:1980000 ReqPowerPlant:Gas_Core_Fission Propellant:Hydrogen EV_kps:19.62 Mass_t:0",""
"Drive","Advanced Vortex Drive x1","AdvancedVortexDrivex1","Project_AdvancedVortexDrive","ThrustCap:15 DriveClass:Fission_Thermal Efficiency:0.7 Thrust_N:504000 ReqPowerPlant:Gas_Core_Fission Propellant:Hydrogen EV_kps:19.62 Mass_t:0",""
"Drive","Advanced Vortex Drive x2","AdvancedVortexDrivex2","Project_AdvancedVortexDrive","ThrustCap:15 DriveClass:Fission_Thermal Efficiency:0.7 Thrust_N:1008000 ReqPowerPlant:Gas_Core_Fission Propellant:Hydrogen EV_kps:19.62 Mass_t:0",""
"Drive","Advanced Vortex Drive x3","AdvancedVortexDrivex3","Project_AdvancedVortexDrive","ThrustCap:15 DriveClass:Fission_Thermal Efficiency:0.7 Thrust_N:1512000 ReqPowerPlant:Gas_Core_Fission Propellant:Hydrogen EV_kps:19.62 Mass_t:0",""
"Drive","Advanced Vortex Drive x4","AdvancedVortexDrivex4","Project_AdvancedVortexDrive","ThrustCap:15 DriveClass:Fission_Thermal Efficiency:0.7 Thrust_N:2016000 ReqPowerPlant:Gas_Core_Fission Propellant:Hydrogen EV_kps:19.62 Mass_t:0",""
"Drive","Advanced Vortex Drive x5","AdvancedVortexDrivex5","Project_AdvancedVortexDrive","ThrustCap:15 DriveClass:Fission_Thermal Efficiency:0.7 Thrust_N:2520000 ReqPowerPlant:Gas_Core_Fission Propellant:Hydrogen EV_kps:19.62 Mass_t:0",""
"Drive","Advanced Vortex Drive x6","AdvancedVortexDrivex6","Project_AdvancedVortexDrive","ThrustCap:15 DriveClass:Fission_Thermal Efficiency:0.7 Thrust_N:3024000 ReqPowerPlant:Gas_Core_Fission Propellant:Hydrogen EV_kps:19.62 Mass_t:0",""
"Drive","Quartz Drive x1","QuartzDrivex1","Project_QuartzDrive","ThrustCap:12 DriveClass:Fission_Thermal Efficiency:0.85 Thrust_N:117700 ReqPowerPlant:Gas_Core_Fission Propellant:Hydrogen EV_kps:10.8 Mass_t:0",""
"Drive","Quartz Drive x2","QuartzDrivex2","Project_QuartzDrive","ThrustCap:12 DriveClass:Fission_Thermal Efficiency:0.85 Thrust_N:235400 ReqPowerPlant:Gas_Core_Fission Propellant:Hydrogen EV_kps:10.8 Mass_t:0",""
"Drive","Quartz Drive x3","QuartzDrivex3","Project_QuartzDrive","ThrustCap:12 DriveClass:Fission_Thermal Efficiency:0.85 Thrust_N:353100 ReqPowerPlant:Gas_Core_Fission Propellant:Hydrogen EV_kps:10.8 Mass_t:0",""
"Drive","Quartz Drive x4","QuartzDrivex4","Project_QuartzDrive","ThrustCap:12 DriveClass:Fission_Thermal Efficiency:0.85 Thrust_N:470800 ReqPowerPlant:Gas_Core_Fission Propellant:Hydrogen EV_kps:10.8 Mass_t:0",""
"Drive","Quartz Drive x5","QuartzDrivex5","Project_QuartzDrive","ThrustCap:12 DriveClass:Fission_Thermal Efficiency:0.85 Thrust_N:588500 ReqPowerPlant:Gas_Core_Fission Propellant:Hydrogen EV_kps:10.8 Mass_t:0",""
"Drive","Quartz Drive x6","QuartzDrivex6","Project_QuartzDrive","ThrustCap:12 DriveClass:Fission_Thermal Efficiency:0.85 Thrust_N:706200 ReqPowerPlant:Gas_Core_Fission Propellant:Hydrogen EV_kps:10.8 Mass_t:0",""
"Drive","Lightbulb Drive x1","LightbulbDrivex1","Project_LightbulbDrive","ThrustCap:15 DriveClass:Fission_Thermal Efficiency:0.85 Thrust_N:409000 ReqPowerPlant:Gas_Core_Fission Propellant:Hydrogen EV_kps:18.3 Mass_t:0",""
"Drive","Lightbulb Drive x2","LightbulbDrivex2","Project_LightbulbDrive","ThrustCap:15 DriveClass:Fission_Thermal Efficiency:0.85 Thrust_N:818000 ReqPowerPlant:Gas_Core_Fission Propellant:Hydrogen EV_kps:18.3 Mass_t:0",""
"Drive","Lightbulb Drive x3","LightbulbDrivex3","Project_LightbulbDrive","ThrustCap:15 DriveClass:Fission_Thermal Efficiency:0.85 Thrust_N:1227000 ReqPowerPlant:Gas_Core_Fission Propellant:Hydrogen EV_kps:18.3 Mass_t:0",""
"Drive","Lightbulb Drive x4","LightbulbDrivex4","Project_LightbulbDrive","ThrustCap:15 DriveClass:Fission_Thermal Efficiency:0.85 Thrust_N:1636000 ReqPowerPlant:Gas_Core_Fission Propellant:Hydrogen EV_kps:18.3 Mass_t:0",""
"Drive","Lightbulb Drive x5","LightbulbDrivex5","Project_LightbulbDrive","ThrustCap:15 DriveClass:Fission_Thermal Efficiency:0.85 Thrust_N:2045000 ReqPowerPlant:Gas_Core_Fission Propellant:Hydrogen EV_kps:18.3 Mass_t:0",""
"Drive","Lightbulb Drive x6","LightbulbDrivex6","Project_LightbulbDrive","ThrustCap:15 DriveClass:Fission_Thermal Efficiency:0.85 Thrust_N:2454000 ReqPowerPlant:Gas_Core_Fission Propellant:Hydrogen EV_kps:18.3 Mass_t:0",""
"Drive","Pharos Drive x1","PharosDrivex1","Project_PharosDrive","ThrustCap:16 DriveClass:Fission_Thermal Efficiency:0.85 Thrust_N:445000 ReqPowerPlant:Gas_Core_Fission Propellant:Hydrogen EV_kps:20.4 Mass_t:0",""
"Drive","Pharos Drive x2","PharosDrivex2","Project_PharosDrive","ThrustCap:16 DriveClass:Fission_Thermal Efficiency:0.85 Thrust_N:890000 ReqPowerPlant:Gas_Core_Fission Propellant:Hydrogen EV_kps:20.4 Mass_t:0",""
"Drive","Pharos Drive x3","PharosDrivex3","Project_PharosDrive","ThrustCap:16 DriveClass:Fission_Thermal Efficiency:0.85 Thrust_N:1335000 ReqPowerPlant:Gas_Core_Fission Propellant:Hydrogen EV_kps:20.4 Mass_t:0",""
"Drive","Pharos Drive x4","PharosDrivex4","Project_PharosDrive","ThrustCap:16 DriveClass:Fission_Thermal Efficiency:0.85 Thrust_N:1780000 ReqPowerPlant:Gas_Core_Fission Propellant:Hydrogen EV_kps:20.4 Mass_t:0",""
"Drive","Pharos Drive x5","PharosDrivex5","Project_PharosDrive","ThrustCap:16 DriveClass:Fission_Thermal Efficiency:0.85 Thrust_N:2225000 ReqPowerPlant:Gas_Core_Fission Propellant:Hydrogen EV_kps:20.4 Mass_t:0",""
"Drive","Pharos Drive x6","PharosDrivex6","Project_PharosDrive","ThrustCap:16 DriveClass:Fission_Thermal Efficiency:0.85 Thrust_N:2670000 ReqPowerPlant:Gas_Core_Fission Propellant:Hydrogen EV_kps:20.4 Mass_t:0",""
"Drive","Burner Drive x1","BurnerDrivex1","Project_BurnerDrive","ThrustCap:24 DriveClass:Fission_Thermal Efficiency:0.85 Thrust_N:108000 ReqPowerPlant:Gas_Core_Fission Propellant:Hydrogen EV_kps:69 Mass_t:0",""
"Drive","Burner Drive x2","BurnerDrivex2","Project_BurnerDrive","ThrustCap:24 DriveClass:Fission_Thermal Efficiency:0.85 Thrust_N:216000 ReqPowerPlant:Gas_Core_Fission Propellant:Hydrogen EV_kps:69 Mass_t:0",""
"Drive","Burner Drive x3","BurnerDrivex3","Project_BurnerDrive","ThrustCap:24 DriveClass:Fission_Thermal Efficiency:0.85 Thrust_N:324000 ReqPowerPlant:Gas_Core_Fission Propellant:Hydrogen EV_kps:69 Mass_t:0",""
"Drive","Burner Drive x4","BurnerDrivex4","Project_BurnerDrive","ThrustCap:24 DriveClass:Fission_Thermal Efficiency:0.85 Thrust_N:432000 ReqPowerPlant:Gas_Core_Fission Propellant:Hydrogen EV_kps:69 Mass_t:0",""
"Drive","Burner Drive x5","BurnerDrivex5","Project_BurnerDrive","ThrustCap:24 DriveClass:Fission_Thermal Efficiency:0.85 Thrust_N:540000 ReqPowerPlant:Gas_Core_Fission Propellant:Hydrogen EV_kps:69 Mass_t:0",""
"Drive","Burner Drive x6","BurnerDrivex6","Project_BurnerDrive","ThrustCap:24 DriveClass:Fission_Thermal Efficiency:0.85 Thrust_N:648000 ReqPowerPlant:Gas_Core_Fission Propellant:Hydrogen EV_kps:69 Mass_t:0",""
"Drive","Antimatter Microfission Drive x1","AntimatterMicrofissionDrivex1","Project_AntimatterMicrofissionDrive","ThrustCap:60 DriveClass:Fission_Pulse Efficiency:0.98 Thrust_N:275000 ReqPowerPlant:Any_General Propellant:ReactionProducts EV_kps:132.44 Mass_t:0",""
"Drive","Orion Drive x1","OrionDrivex1","Project_OrionDrive","ThrustCap:5 DriveClass:Fission_Pulse Efficiency:1 Thrust_N:16000000 ReqPowerPlant:Any_General Propellant:ReactionProducts EV_kps:42.1 Mass_t:0",""
"Utility","ISRU Module","ISRUModule","Project_ISRUModule","Mass_t:100",""
"Utility","Remass Scoop","RemassScoop","Project_RemassScoop","Mass_t:40",""
"Utility","Muon Spiker","MuonSpiker","Project_MuonSpiker","Mass_t:30",""
"Utility","Mobile Space Science Lab","MobileSpaceScienceLab","Project_MobileSpaceScienceLab","Mass_t:200",""
"Utility","Repair Bay","RepairBay","Project_RepairBay","Mass_t:700",""
"Utility","Salvage Bay","SalvageBay","Project_SalvageBay","Mass_t:1000",""
"Utility","Marine Assault Unit","MarineAssaultUnit","Project_MarineAssaultUnit","Mass_t:200",""
"Utility","Advanced Marine Assault Unit","AdvancedMarineAssaultUnit","Project_AdvancedMarineAssaultUnit","Mass_t:200",""
"Utility","Elite Marine Assault Unit","EliteMarineAssaultUnit","Project_EliteMarineAssaultUnit","Mass_t:200",""
"Utility","Laser Engine","LaserEngine","Project_LaserEngine","Mass_t:25",""
"Utility","Liquid Hydrogen Containment","LiquidHydrogenContainment","Project_LiquidHydrogenContainment","Mass_t:5",""
"Utility","Slush Hydrogen Tankage","SlushHydrogenTankage","Project_SlushHydrogenTankage","Mass_t:10",""
"Utility","Magazine","Magazine","Project_Magazine","Mass_t:100",""
"Utility","Component Armor","ComponentArmor","Project_ComponentArmor","Mass_t:500",""
"Utility","Solar Platform Kit","SolarPlatformKit","Project_SolarPlatformKit","Mass_t:200",""
"Utility","Solar Outpost Kit","SolarOutpostKit","Project_SolarOutpostKit","Mass_t:250",""
"Utility","Fission Platform Kit","FissionPlatformKit","Project_FissionPlatformKit","Mass_t:250",""
"Utility","Fission Outpost Kit","FissionOutpostKit","Project_FissionOutpostKit","Mass_t:300",""
"Utility","Automated Solar Platform Kit","AutomatedSolarPlatformKit","Project_AutomatedSolarPlatformKit","Mass_t:250",""
"Utility","Automated Solar Outpost Kit","AutomatedSolarOutpostKit","Project_AutomatedSolarOutpostKit","Mass_t:1200",""
"Utility","Automated Fission Platform Kit","AutomatedFissionPlatformKit","Project_AutomatedFissionPlatformKit","Mass_t:300",""
"Utility","Electronic Countermeasures 1","ElectronicCountermeasures1","Project_ECM1","Mass_t:10",""
"Utility","Electronic Countermeasures 2","ElectronicCountermeasures2","Project_ECM2","Mass_t:10",""
"Utility","Electronic Countermeasures 3","ElectronicCountermeasures3","Project_ECM3","Mass_t:10",""
"Utility","Flag Bridge","FlagBridge","Project_FlagBridge","Mass_t:90",""
"Utility","Targeting Computer 1","TargetingComputer1","Project_TargetingComputer1","Mass_t:10",""
"Utility","Targeting Computer 2","TargetingComputer2","Project_TargetingComputer2","Mass_t:10",""
"Utility","Targeting Computer 3","TargetingComputer3","Project_TargetingComputer3","Mass_t:10",""
"Utility","Armor Struts","ArmorStruts","Project_ArmorStruts","Mass_t:100",""
"Utility","Cyclotron","Cyclotron","Project_Cyclotron","Mass_t:50",""
"Utility","VectorThrusters","VectorThrusters","Project_PatrolVessels","Mass_t:20",""
"Utility","Empty","Empty",,"",""
"PowerPlant","Fuel Cell I","FuelCellI",,"PowerPlantClass:Fuel_Cell Output_GW:0.2",""
"PowerPlant","Fuel Cell II","FuelCellII","Project_FuelCellII","PowerPlantClass:Fuel_Cell Output_GW:0.8",""
"PowerPlant","Solid Core Fission Reactor I","SolidCoreFissionReactorI","Project_SolidCoreFissionReactorI","PowerPlantClass:Solid_Core_Fission Output_GW:2",""
"PowerPlant","Solid Core Fission Reactor II","SolidCoreFissionReactorII","Project_SolidCoreFissionReactorII","PowerPlantClass:Solid_Core_Fission Output_GW:6",""
"PowerPlant","Solid Core Fission Reactor III","SolidCoreFissionReactorIII","Project_SolidCoreFissionReactorIII","PowerPlantClass:Solid_Core_Fission Output_GW:20",""
"PowerPlant","Solid Core Fission Reactor IV","SolidCoreFissionReactorIV","Project_SolidCoreFissionReactorIV","PowerPlantClass:Solid_Core_Fission Output_GW:60",""
"PowerPlant","Solid Core Fission Reactor V","SolidCoreFissionReactorV","Project_SolidCoreFissionReactorV","PowerPlantClass:Solid_Core_Fission Output_GW:125",""
"PowerPlant","Compact Solid Core Fission Reactor I","SolidCoreFissionReactorVI","Project_SolidCoreFissionReactorVI","PowerPlantClass:Solid_Core_Fission Output_GW:1.5",""
"PowerPlant","Compact Solid Core Fission Reactor II","SolidCoreFissionReactorVII","Project_SolidCoreFissionReactorVII","PowerPlantClass:Solid_Core_Fission Output_GW:5",""
"PowerPlant","Compact Solid Core Fission Reactor III","SolidCoreFissionReactorVIII","Project_SolidCoreFissionReactorVIII","PowerPlantClass:Solid_Core_Fission Output_GW:12",""
"PowerPlant","Compact Solid Core Fission Reactor IV","SolidCoreFissionReactorIX","Project_SolidCoreFissionReactorIX","PowerPlantClass:Solid_Core_Fission Output_GW:20",""
"PowerPlant","Compact Solid Core Fission Reactor V","SolidCoreFissionReactorX","Project_SolidCoreFissionReactorX","PowerPlantClass:Solid_Core_Fission Output_GW:20",""
"PowerPlant","Molten Salt Fission Reactor I","MoltenSaltFissionReactorI","Project_MoltenSaltFissionReactorI","PowerPlantClass:Molten_Salt_Core_Fission Output_GW:40",""
"PowerPlant","Molten Salt Fission Reactor II","MoltenSaltFissionReactorII","Project_MoltenSaltFissionReactorII","PowerPlantClass:Molten_Salt_Core_Fission Output_GW:420",""
"PowerPlant","Molten Core Fission Reactor I","MoltenCoreFissionReactorI","Project_MoltenCoreFissionReactorI","PowerPlantClass:Liquid_Core_Fission Output_GW:8",""
"PowerPlant","Molten Core Fission Reactor II","MoltenCoreFissionReactorII","Project_MoltenCoreFissionReactorII","PowerPlantClass:Liquid_Core_Fission Output_GW:35",""
"PowerPlant","Molten Core Fission Reactor III","MoltenCoreFissionReactorIII","Project_MoltenCoreFissionReactorIII","PowerPlantClass:Liquid_Core_Fission Output_GW:420",""
"PowerPlant","Vapor Core Fission Reactor I","VaporCoreFissionReactorI","Project_VaporCoreFissionReactorI","PowerPlantClass:Gas_Core_Fission Output_GW:6.5",""
"PowerPlant","Vapor Core Fission Reactor II","VaporCoreFissionReactorII","Project_VaporCoreFissionReactorII","PowerPlantClass:Gas_Core_Fission Output_GW:20",""
"PowerPlant","Vapor Core Fission Reactor III","VaporCoreFissionReactorIII","Project_VaporCoreFissionReactorIII","PowerPlantClass:Gas_Core_Fission Output_GW:60",""
"PowerPlant","Gas Core Fission Reactor I","GasCoreFissionReactorI","Project_GasCoreFissionReactorI","PowerPlantClass:Gas_Core_Fission Output_GW:8",""
"PowerPlant","Gas Core Fission Reactor II","GasCoreFissionReactorII","Project_GasCoreFissionReactorII","PowerPlantClass:Gas_Core_Fission Output_GW:33",""
"PowerPlant","Gas Core Fission Reactor III","GasCoreFissionReactorIII","Project_GasCoreFissionReactorIII","PowerPlantClass:Gas_Core_Fission Output_GW:150",""
"PowerPlant","Electrostatic Confinement Fusion Reactor I","ElectrostaticConfinementFusionReactorI","Project_ElectrostaticConfinementFusionReactorI","PowerPlantClass:Electrostatic_Confinement_Fusion Output_GW:46",""
"PowerPlant","Mirror Cell Fusion Reactor I","MirrorCellFusionReactorI","Project_MirrorCellFusionReactorI","PowerPlantClass:Mirrored_Magnetic_Confinement_Fusion Output_GW:120",""
"PowerPlant","Fusion Tokamak I","FusionTokamakI","Project_FusionTokamakI","PowerPlantClass:Toroid_Magnetic_Confinement_Fusion Output_GW:128",""
"HeatSink","Water Heat Sink","WaterHeatSink","Project_Warships","Capacity_GJ:100 Mass_t:250",""
"HeatSink","Potassium Heat Sink","PotassiumHeatSink","Project_PotassiumHeatSink","Capacity_GJ:110 Mass_t:205",""
"HeatSink","Sodium Heat Sink","SodiumHeatSink","Project_SodiumHeatSink","Capacity_GJ:370 Mass_t:230",""
"HeatSink","Heavy Water Heat Sink","HeavyWaterHeatSink","Project_Warships","Capacity_GJ:200 Mass_t:500",""
"HeatSink","Heavy Potassium Heat Sink","HeavyPotassiumHeatSink","Project_PotassiumHeatSink","Capacity_GJ:220 Mass_t:410",""
"HeatSink","Heavy Sodium Heat Sink","HeavySodiumHeatSink","Project_SodiumHeatSink","Capacity_GJ:740 Mass_t:460",""
"Weapon_Particle","Point Defense E-Beamer","PointDefenseE-Beamer","Project_EBeamBatteries","Range:200 Dmg:5",""
"Weapon_Particle","Light E-Beam Battery","LightE-BeamBattery","Project_EBeamBatteries","Range:300 Dmg:20",""
"Weapon_Particle","E-Beam Battery","E-BeamBattery","Project_EBeamBatteries","Range:400 Dmg:40",""
"Weapon_Particle","Heavy E-Beam Battery","HeavyE-BeamBattery","Project_EBeamBatteries","Range:500 Dmg:80",""
"Weapon_Particle","Electron Lance","ElectronLance","Project_ElectronLance","Range:500 Dmg:60",""
"Weapon_Particle","Heavy Electron Lance","HeavyElectronLance","Project_ElectronLance","Range:600 Dmg:120",""
"Weapon_Particle","Spinal Electron Lance","SpinalElectronLance","Project_ElectronLance","Range:800 Dmg:240",""
"Weapon_Particle","Point Defense Ion Battery","PointDefenseIonBattery","Project_IonBatteries","Range:200 Dmg:5",""
"Weapon_Particle","Light Ion Battery","LightIonBattery","Project_IonBatteries","Range:500 Dmg:20",""
"Weapon_Particle","Ion Battery","IonBattery","Project_IonBatteries","Range:600 Dmg:40",""
"Weapon_Particle","Heavy Ion Battery","HeavyIonBattery","Project_IonBatteries","Range:700 Dmg:80",""
"Weapon_Particle","Light Ion Cannon","LightIonCannon","Project_IonCannon","Range:500 Dmg:30",""
"Weapon_Particle","Ion Cannon","IonCannon","Project_IonCannon","Range:600 Dmg:60",""
"Weapon_Particle","Heavy Ion Cannon","HeavyIonCannon","Project_IonCannon","Range:700 Dmg:120",""
"Weapon_Particle","Spinal Ion Cannon","SpinalIonCannon","Project_IonCannon","Range:850 Dmg:240",""
"Weapon_Particle","Particle Beam Battery","ParticleBeamBattery","Project_ParticleBeamBatteries","Range:600 Dmg:40",""
"Weapon_Particle","Heavy Particle Beam Battery","HeavyParticleBeamBattery","Project_ParticleBeamBatteries","Range:700 Dmg:80",""
"Weapon_Particle","Light Particle Lance","LightParticleLance","Project_ParticleLance","Range:700 Dmg:30",""
"Weapon_Particle","Particle Lance","ParticleLance","Project_ParticleLance","Range:800 Dmg:60",""
"Weapon_Particle","Heavy Particle Lance","HeavyParticleLance","Project_ParticleLance","Range:900 Dmg:120",""
"Weapon_Particle","Spinal Particle Lance","SpinalParticleLance","Project_ParticleLance","Range:1000 Dmg:240",""
"Weapon_Missile","Krait Missile Bay","KraitMissileBay","Project_Warships","DV:3.33 Range:800 Accel:4.46 Dmg:240",""
"Weapon_Missile","Anaconda Missile Bay","AnacondaMissileBay","Project_AnacondaMissileBay","DV:3.76 Range:800 Accel:14.94 Dmg:360",""
"Weapon_Missile","Cobra Missile Bay","CobraMissileBay","Project_AnacondaMissileBay","DV:3.45 Range:800 Accel:14.94 Dmg:450",""
"Weapon_Missile","Copperhead Missile Bay","CopperheadMissileBay","Project_CopperheadMissileBay","DV:3.68 Range:800 Accel:18.27 Dmg:720",""
"Weapon_Missile","Viper Missile Bay","ViperMissileBay","Project_ViperMissileBay","DV:5.64 Range:800 Accel:18.27 Dmg:",""
"Weapon_Missile","Lancehead Missile Bay","LanceheadMissileBay","Project_LanceheadMissileBay","DV:4.36 Range:800 Accel:18.27 Dmg:",""
"Weapon_Missile","Hera Torpedo Bay","HeraTorpedoBay","Project_AnacondaMissileBay","DV:6.22 Range:1000 Accel:7.47 Dmg:540",""
"Weapon_Missile","Artemis Torpedo Bay","ArtemisTorpedoBay","Project_CopperheadMissileBay","DV:7.97 Range:1000 Accel:9.14 Dmg:960",""
"Weapon_Missile","Vulcan Torpedo Bay","VulcanTorpedoBay","Project_LanceheadMissileBay","DV:5.99 Range:1000 Accel:9.14 Dmg:",""
"Weapon_Missile","Athena Torpedo Bay","AthenaTorpedoBay","Project_AthenaTorpedoBay","DV:12.83 Range:1000 Accel:4.89 Dmg:1800",""
"Weapon_Missile","Ares Torpedo Bay","AresTorpedoBay","Project_AresTorpedoBay","DV:8.99 Range:1000 Accel:4.89 Dmg:",""
"Weapon_Missile","Poseidon Torpedo Bay","PoseidonTorpedoBay","Project_AresTorpedoBay","DV:18.5 Range:1000 Accel:4.89 Dmg:",""
"Weapon_Missile","Cerebrus Nuclear Torpedo Bay","CerebrusNuclearTorpedoBay","Project_CerebrusNuclearTorpedoBay","DV:6.41 Range:1000 Accel:7.47 Dmg:1129950000",""
"Weapon_Missile","Nemesis Nuclear Torpedo Bay","NemesisNuclearTorpedoBay","Project_NemesisNuclearTorpedoBay","DV:10.69 Range:1000 Accel:4.89 Dmg:4519800000",""
"Weapon_Missile","Krait Missile Pod","KraitMissilePod",,"DV:3.33 Range:800 Accel:4.46 Dmg:240",""
"Weapon_Missile","Anaconda Missile Pod","AnacondaMissilePod","Project_AnacondaMissileBay","DV:3.76 Range:800 Accel:14.94 Dmg:360",""
"Weapon_Missile","Cobra Missile Pod","CobraMissilePod","Project_AnacondaMissileBay","DV:3.45 Range:800 Accel:14.94 Dmg:450",""
"Weapon_Missile","Copperhead Missile Pod","CopperheadMissilePod","Project_CopperheadMissileBay","DV:3.68 Range:800 Accel:18.27 Dmg:720",""
"Weapon_Missile","Viper Missile Pod","ViperMissilePod","Project_ViperMissileBay","DV:5.64 Range:800 Accel:18.27 Dmg:",""
"Weapon_Missile","Lancehead Missile Pod","LanceheadMissilePod","Project_LanceheadMissileBay","DV:4.36 Range:800 Accel:18.27 Dmg:",""
"Weapon_Missile","Hera Torpedo Pod","HeraTorpedoPod","Project_AnacondaMissileBay","DV:6.22 Range:800 Accel:7.47 Dmg:540",""
"Weapon_Missile","Artemis Torpedo Pod","ArtemisTorpedoPod","Project_CopperheadMissileBay","DV:7.97 Range:800 Accel:9.14 Dmg:960",""
"Weapon_Missile","Vulcan Torpedo Pod","VulcanTorpedoPod","Project_LanceheadMissileBay","DV:5.99 Range:800 Accel:9.14 Dmg:",""
"Weapon_Missile","Cerebrus Nuclear Torpedo Pod","CerebrusNuclearTorpedoPod","Project_CerebrusNuclearTorpedoBay","DV:6.41 Range:800 Accel:7.47 Dmg:1129950000",""
"Weapon_Coilgun","Light Railgun Battery Mk1","LightRailgunBatteryMk1","Project_RailgunBatteryMk1","Range:500 Cooldown:30 Dmg: MuzzleVel:3",""
"Weapon_Coilgun","Light Railgun Battery Mk2","LightRailgunBatteryMk2","Project_RailgunBatteryMk2","Range:550 Cooldown:20 Dmg: MuzzleVel:3.3",""
"Weapon_Coilgun","Light Railgun Battery Mk3","LightRailgunBatteryMk3","Project_RailgunBatteryMk3","Range:600 Cooldown:10 Dmg: MuzzleVel:3.6",""
"Weapon_Coilgun","Railgun Battery Mk1","RailgunBatteryMk1","Project_RailgunBatteryMk1","Range:650 Cooldown:30 Dmg: MuzzleVel:3.3",""
"Weapon_Coilgun","Railgun Battery Mk2","RailgunBatteryMk2","Project_RailgunBatteryMk2","Range:700 Cooldown:20 Dmg: MuzzleVel:3.6",""
"Weapon_Coilgun","Railgun Battery Mk3","RailgunBatteryMk3","Project_RailgunBatteryMk3","Range:750 Cooldown:10 Dmg: MuzzleVel:4.32",""
"Weapon_Coilgun","Heavy Railgun Battery Mk1","HeavyRailgunBatteryMk1","Project_RailgunBatteryMk1","Range:800 Cooldown:30 Dmg: MuzzleVel:3.6",""
"Weapon_Coilgun","Heavy Railgun Battery Mk2","HeavyRailgunBatteryMk2","Project_RailgunBatteryMk2","Range:850 Cooldown:20 Dmg: MuzzleVel:4.32",""
"Weapon_Coilgun","Heavy Railgun Battery Mk3","HeavyRailgunBatteryMk3","Project_RailgunBatteryMk3","Range:900 Cooldown:10 Dmg: MuzzleVel:5.18",""
"Weapon_Coilgun","Light Rail Cannon Mk1","LightRailCannonMk1","Project_RailCannonMk1","Range:550 Cooldown:45 Dmg: MuzzleVel:3.6",""
"Weapon_Coilgun","Light Rail Cannon Mk2","LightRailCannonMk2","Project_RailCannonMk2","Range:600 Cooldown:30 Dmg: MuzzleVel:4.32",""
"Weapon_Coilgun","Light Rail Cannon Mk3","LightRailCannonMk3","Project_RailCannonMk3","Range:650 Cooldown:15 Dmg: MuzzleVel:5.18",""
"Weapon_Coilgun","Rail Cannon Mk1","RailCannonMk1","Project_RailCannonMk1","Range:700 Cooldown:45 Dmg: MuzzleVel:4.32",""
"Weapon_Coilgun","Rail Cannon Mk2","RailCannonMk2","Project_RailCannonMk2","Range:750 Cooldown:30 Dmg: MuzzleVel:5.18",""
"Weapon_Coilgun","Rail Cannon Mk3","RailCannonMk3","Project_RailCannonMk3","Range:800 Cooldown:15 Dmg: MuzzleVel:6.48",""
"Weapon_Coilgun","Heavy Rail Cannon Mk1","HeavyRailCannonMk1","Project_RailCannonMk1","Range:800 Cooldown:45 Dmg: MuzzleVel:4.75",""
"Weapon_Coilgun","Heavy Rail Cannon Mk2","HeavyRailCannonMk2","Project_RailCannonMk2","Range:850 Cooldown:30 Dmg: MuzzleVel:5.83",""
"Weapon_Coilgun","Heavy Rail Cannon Mk3","HeavyRailCannonMk3","Project_RailCannonMk3","Range:900 Cooldown:15 Dmg: MuzzleVel:7.125",""
"Weapon_Coilgun","Spinal Railgun Mk1","SpinalRailgunMk1","Project_RailCannonMk1","Range:900 Cooldown:45 Dmg: MuzzleVel:5.18",""
"Weapon_Coilgun","Spinal Railgun Mk2","SpinalRailgunMk2","Project_RailCannonMk2","Range:950 Cooldown:30 Dmg: MuzzleVel:6.48",""
"Weapon_Coilgun","Spinal Railgun Mk3","SpinalRailgunMk3","Project_RailCannonMk3","Range:1000 Cooldown:15 Dmg: MuzzleVel:7.77",""
"Weapon_Coilgun","Light Coilgun Battery Mk1","LightCoilgunBatteryMk1","Project_CoilgunBatteryMk1","Range:500 Cooldown:40 Dmg: MuzzleVel:4.5",""
"Weapon_Coilgun","Light Coilgun Battery Mk2","LightCoilgunBatteryMk2","Project_CoilgunBatteryMk2","Range:550 Cooldown:30 Dmg: MuzzleVel:5.4",""
"Weapon_Coilgun","Coilgun Battery Mk1","CoilgunBatteryMk1","Project_CoilgunBatteryMk1","Range:650 Cooldown:40 Dmg: MuzzleVel:5.4",""
"Weapon_Coilgun","Coilgun Battery Mk2","CoilgunBatteryMk2","Project_CoilgunBatteryMk2","Range:700 Cooldown:30 Dmg: MuzzleVel:6.3",""
"Weapon_Coilgun","Heavy Coilgun Battery Mk1","HeavyCoilgunBatteryMk1","Project_CoilgunBatteryMk1","Range:800 Cooldown:40 Dmg: MuzzleVel:6.3",""
"Weapon_Coilgun","Heavy Coilgun Battery Mk2","HeavyCoilgunBatteryMk2","Project_CoilgunBatteryMk2","Range:850 Cooldown:30 Dmg: MuzzleVel:7.2",""
"Weapon_Coilgun","Light Coil Cannon Mk1","LightCoilCannonMk1","Project_CoilCannonMk1","Range:550 Cooldown:48 Dmg: MuzzleVel:5.4",""
"Weapon_Coilgun","Light Coil Cannon Mk2","LightCoilCannonMk2","Project_CoilCannonMk2","Range:600 Cooldown:36 Dmg: MuzzleVel:6.3",""
"Weapon_Coilgun","Coil Cannon Mk1","CoilCannonMk1","Project_CoilCannonMk1","Range:700 Cooldown:48 Dmg: MuzzleVel:6.3",""
"Weapon_Coilgun","Coil Cannon Mk2","CoilCannonMk2","Project_CoilCannonMk2","Range:750 Cooldown:36 Dmg: MuzzleVel:7.2",""
"Weapon_Coilgun","Heavy Coil Cannon Mk1","HeavyCoilCannonMk1","Project_CoilCannonMk1","Range:800 Cooldown:48 Dmg: MuzzleVel:6.8",""
"Weapon_Coilgun","Heavy Coil Cannon Mk2","HeavyCoilCannonMk2","Project_CoilCannonMk2","Range:850 Cooldown:36 Dmg: MuzzleVel:7.7",""
"Weapon_Coilgun","Spinal Coiler Mk1","SpinalCoilerMk1","Project_CoilCannonMk1","Range:900 Cooldown:48 Dmg: MuzzleVel:7.2",""
"Weapon_Coilgun","Spinal Coiler Mk2","SpinalCoilerMk2","Project_CoilCannonMk2","Range:950 Cooldown:36 Dmg: MuzzleVel:8.1",""
"Weapon_Coilgun","Heavy Siege Coiler Mk1","HeavySiegeCoilerMk1","Project_CoilCannonMk1","Range:800 Cooldown:48 Dmg: MuzzleVel:3.4",""
"Weapon_Coilgun","Heavy Siege Coiler Mk2","HeavySiegeCoilerMk2","Project_CoilCannonMk2","Range:850 Cooldown:36 Dmg: MuzzleVel:3.8",""
"Weapon_Coilgun","Spinal Siege Coiler Mk1","SpinalSiegeCoilerMk1","Project_CoilCannonMk1","Range:900 Cooldown:48 Dmg: MuzzleVel:3.6",""
"Weapon_Coilgun","Spinal Siege Coiler Mk2","SpinalSiegeCoilerMk2","Project_CoilCannonMk2","Range:950 Cooldown:36 Dmg: MuzzleVel:4.1",""
